--------------------------------------------------
-- SPECIE ANIMALE
--------------------------------------------------
insert into Specie_Animale (specie, denominazione_latina) values ('White-fronted capuchin', 'Cebus albifrons');
insert into Specie_Animale (specie, denominazione_latina) values ('Southern black-backed gull', 'Larus dominicanus');
insert into Specie_Animale (specie, denominazione_latina) values ('Pygmy possum', 'Acrobates pygmaeus');
insert into Specie_Animale (specie, denominazione_latina) values ('Mynah common', 'Acridotheres tristis');
insert into Specie_Animale (specie, denominazione_latina) values ('Rattlesnake eastern diamondback', 'Crotalus adamanteus');
insert into Specie_Animale (specie, denominazione_latina) values ('Onager', 'Equus hemionus');
insert into Specie_Animale (specie, denominazione_latina) values ('Arboral spiny rat', 'Echimys chrysurus');
insert into Specie_Animale (specie, denominazione_latina) values ('Owl madagascar hawk', 'Ninox superciliaris');
insert into Specie_Animale (specie, denominazione_latina) values ('Great egret', 'Casmerodius albus');
insert into Specie_Animale (specie, denominazione_latina) values ('Western bearded dragon', 'Amphibolurus barbatus');
insert into Specie_Animale (specie, denominazione_latina) values ('Greater sage grouse', 'Centrocercus urophasianus');
insert into Specie_Animale (specie, denominazione_latina) values ('Coot red-knobbed', 'Fulica cristata');
insert into Specie_Animale (specie, denominazione_latina) values ('Lizard desert spiny', 'Sceloporus magister');
insert into Specie_Animale (specie, denominazione_latina) values ('Dragon ornate rock', 'Ctenophorus ornatus');
insert into Specie_Animale (specie, denominazione_latina) values ('King cormorant', 'Phalacrocorax albiventer');
insert into Specie_Animale (specie, denominazione_latina) values ('American alligator', 'Alligator mississippiensis');
insert into Specie_Animale (specie, denominazione_latina) values ('Australian magpie', 'Gymnorhina tibicen');
insert into Specie_Animale (specie, denominazione_latina) values ('Pale white-eye', 'Zosterops pallidus');
insert into Specie_Animale (specie, denominazione_latina) values ('Brazilian tapir', 'Tapirus terrestris');
insert into Specie_Animale (specie, denominazione_latina) values ('Kelp gull', 'Larus dominicanus');
insert into Specie_Animale (specie, denominazione_latina) values ('African buffalo', 'Snycerus caffer');
insert into Specie_Animale (specie, denominazione_latina) values ('Badger american', 'Taxidea taxus');
insert into Specie_Animale (specie, denominazione_latina) values ('Flicker campo', 'Colaptes campestroides');
insert into Specie_Animale (specie, denominazione_latina) values ('Snake unidentified', 'unavailable');
insert into Specie_Animale (specie, denominazione_latina) values ('Goldeneye common', 'Bucephala clangula');
insert into Specie_Animale (specie, denominazione_latina) values ('Snowy owl', 'Nyctea scandiaca');
insert into Specie_Animale (specie, denominazione_latina) values ('Screamer southern', 'Chauna torquata');
insert into Specie_Animale (specie, denominazione_latina) values ('Constrictor eastern boa', 'Acrantophis madagascariensis');
insert into Specie_Animale (specie, denominazione_latina) values ('Roadrunner greater', 'Geococcyx californianus');
insert into Specie_Animale (specie, denominazione_latina) values ('Andean goose', 'Chloephaga melanoptera');
insert into Specie_Animale (specie, denominazione_latina) values ('Radiated tortoise', 'Geochelone radiata');
insert into Specie_Animale (specie, denominazione_latina) values ('Two-toed sloth', 'Choloepus hoffmani');
insert into Specie_Animale (specie, denominazione_latina) values ('Python carpet', 'Morelia spilotes variegata');
insert into Specie_Animale (specie, denominazione_latina) values ('Cat long-tailed spotted', 'Felis wiedi or Leopardus weidi');
insert into Specie_Animale (specie, denominazione_latina) values ('Rattlesnake horned', 'Crotalus cerastes');
insert into Specie_Animale (specie, denominazione_latina) values ('Mockingbird galapagos', 'Nesomimus trifasciatus');
insert into Specie_Animale (specie, denominazione_latina) values ('Buttermilk snake', 'Coluber constrictor');
insert into Specie_Animale (specie, denominazione_latina) values ('Red-cheeked cordon bleu', 'Uraeginthus bengalus');
insert into Specie_Animale (specie, denominazione_latina) values ('Bird pied butcher', 'Cracticus nigroagularis');
insert into Specie_Animale (specie, denominazione_latina) values ('Anteater giant', 'Myrmecophaga tridactyla');
insert into Specie_Animale (specie, denominazione_latina) values ('Goose greylag', 'Anser anser');
insert into Specie_Animale (specie, denominazione_latina) values ('Kangaroo western grey', 'Macropus fuliginosus');
insert into Specie_Animale (specie, denominazione_latina) values ('Racer snake', 'Coluber constrictor');
insert into Specie_Animale (specie, denominazione_latina) values ('Worm snake unidentified', 'Carphophis sp.');
insert into Specie_Animale (specie, denominazione_latina) values ('Glider feathertail', 'Acrobates pygmaeus');
insert into Specie_Animale (specie, denominazione_latina) values ('Wapiti elk', 'Cervus canadensis');
insert into Specie_Animale (specie, denominazione_latina) values ('Mynah indian', 'Acridotheres tristis');
insert into Specie_Animale (specie, denominazione_latina) values ('Pine siskin', 'Carduelis pinus');
insert into Specie_Animale (specie, denominazione_latina) values ('African lynx', 'Felis caracal');
insert into Specie_Animale (specie, denominazione_latina) values ('Tenrec tailless', 'Tenrec ecaudatus');

--------------------------------------------------
-- ESEMPLARE ANIMALE
--------------------------------------------------
insert into Esemplare_Animale (codice, paese_provenienza, sesso, nome, data_nascita, data_entrata, data_uscita, specie) values (1, 'France', 'f', 'Edithe', '1995-05-22 08:46:36', '2021-10-10 22:24:15', '2022-03-14 07:27:17', 'White-fronted capuchin');
insert into Esemplare_Animale (codice, paese_provenienza, sesso, nome, data_nascita, data_entrata, data_uscita, specie) values (1, 'Mongolia', 'f', 'Hadlee', '1979-12-23 01:23:44', '2021-11-30 06:51:30', '2022-05-04 12:44:59', 'Southern black-backed gull');
insert into Esemplare_Animale (codice, paese_provenienza, sesso, nome, data_nascita, data_entrata, data_uscita, specie) values (1, 'Russia', 'm', 'Constantine', '1998-02-02 21:31:44', '2021-08-27 13:39:46', '2023-04-03 21:03:38', 'Pygmy possum');
insert into Esemplare_Animale (codice, paese_provenienza, sesso, nome, data_nascita, data_entrata, data_uscita, specie) values (1, 'China', 'm', 'Janek', '1981-09-09 04:21:47', '2021-09-03 06:13:47', '2023-06-06 17:57:35', 'Mynah common');
insert into Esemplare_Animale (codice, paese_provenienza, sesso, nome, data_nascita, data_entrata, data_uscita, specie) values (1, 'Germany', 'm', 'Cece', '2005-04-24 15:59:22', '2021-07-21 19:14:01', '2023-01-08 23:58:06', 'Rattlesnake eastern diamondback');
insert into Esemplare_Animale (codice, paese_provenienza, sesso, nome, data_nascita, data_entrata, data_uscita, specie) values (1, 'China', 'm', 'Lewes', '1991-04-05 09:12:11', '2021-11-01 13:57:05', '2023-01-06 00:00:00', 'Onager');
insert into Esemplare_Animale (codice, paese_provenienza, sesso, nome, data_nascita, data_entrata, data_uscita, specie) values (1, 'Indonesia', 'f', 'Lemmie', '1995-06-20 05:19:11', '2021-09-18 07:34:46', '2023-01-06 00:00:00', 'Arboral spiny rat');
insert into Esemplare_Animale (codice, paese_provenienza, sesso, nome, data_nascita, data_entrata, data_uscita, specie) values (1, 'Russia', 'f', 'Yorgos', '1994-03-25 09:51:06', '2021-01-19 06:16:50', '2023-05-14 17:08:34', 'Owl madagascar hawk');
insert into Esemplare_Animale (codice, paese_provenienza, sesso, nome, data_nascita, data_entrata, data_uscita, specie) values (1, 'China', 'f', 'Gunilla', '1986-04-14 12:21:51', '2021-06-25 07:27:06', '2023-08-12 21:46:20', 'Great egret');
insert into Esemplare_Animale (codice, paese_provenienza, sesso, nome, data_nascita, data_entrata, data_uscita, specie) values (1, 'China', 'f', 'Maria', '2016-01-28 18:41:04', '2021-11-04 05:10:11', '2023-06-01 04:49:31', 'Western bearded dragon');
insert into Esemplare_Animale (codice, paese_provenienza, sesso, nome, data_nascita, data_entrata, data_uscita, specie) values (1, 'Brazil', 'm', 'Manolo', '2012-11-25 10:49:08', '2021-08-09 22:26:12', '2022-05-24 15:45:42', 'Greater sage grouse');
insert into Esemplare_Animale (codice, paese_provenienza, sesso, nome, data_nascita, data_entrata, data_uscita, specie) values (1, 'Brazil', 'm', 'Letisha', '1993-01-18 19:08:44', '2021-05-23 06:15:10', '2023-01-06 00:00:00', 'Coot red-knobbed');
insert into Esemplare_Animale (codice, paese_provenienza, sesso, nome, data_nascita, data_entrata, data_uscita, specie) values (1, 'Malaysia', 'f', 'Kaine', '1995-12-23 21:11:35', '2021-04-11 17:00:23', '2023-07-27 07:42:41', 'Lizard desert spiny');
insert into Esemplare_Animale (codice, paese_provenienza, sesso, nome, data_nascita, data_entrata, data_uscita, specie) values (1, 'Brazil', 'm', 'Marjy', '2001-08-21 05:22:54', '2021-06-09 08:27:09', '2023-01-06 00:00:00', 'Dragon ornate rock');
insert into Esemplare_Animale (codice, paese_provenienza, sesso, nome, data_nascita, data_entrata, data_uscita, specie) values (1, 'Sweden', 'm', 'Randie', '1973-10-16 08:54:40', '2021-05-24 19:45:06', '2023-05-02 21:46:04', 'King cormorant');
insert into Esemplare_Animale (codice, paese_provenienza, sesso, nome, data_nascita, data_entrata, data_uscita, specie) values (1, 'Argentina', 'm', 'Teressa', '1978-08-27 07:23:27', '2021-04-14 13:26:43', '2022-04-27 06:22:44', 'American alligator');
insert into Esemplare_Animale (codice, paese_provenienza, sesso, nome, data_nascita, data_entrata, data_uscita, specie) values (1, 'Indonesia', 'm', 'Katerina', '2019-12-23 10:18:57', '2021-05-25 02:42:41', '2023-03-26 13:46:37', 'Australian magpie');
insert into Esemplare_Animale (codice, paese_provenienza, sesso, nome, data_nascita, data_entrata, data_uscita, specie) values (1, 'Turkey', 'm', 'Leanna', '1984-01-30 03:53:38', '2021-10-11 01:54:06', '2023-04-06 02:36:16', 'Pale white-eye');
insert into Esemplare_Animale (codice, paese_provenienza, sesso, nome, data_nascita, data_entrata, data_uscita, specie) values (1, 'China', 'm', 'Law', '1986-06-19 03:46:12', '2021-04-29 16:55:38', '2022-06-11 03:40:23', 'Brazilian tapir');
insert into Esemplare_Animale (codice, paese_provenienza, sesso, nome, data_nascita, data_entrata, data_uscita, specie) values (1, 'Peru', 'm', 'Janka', '2006-07-06 14:12:38', '2021-12-01 20:13:30', '2023-02-16 14:54:49', 'Kelp gull');
insert into Esemplare_Animale (codice, paese_provenienza, sesso, nome, data_nascita, data_entrata, data_uscita, specie) values (1, 'Ukraine', 'm', 'Samson', '1991-06-26 12:09:40', '2021-10-31 18:27:21', '2023-01-06 00:00:00', 'African buffalo');
insert into Esemplare_Animale (codice, paese_provenienza, sesso, nome, data_nascita, data_entrata, data_uscita, specie) values (1, 'Portugal', 'f', 'Tatum', '1975-02-03 05:52:07', '2021-11-06 05:00:21', '2023-05-20 21:12:28', 'Badger american');
insert into Esemplare_Animale (codice, paese_provenienza, sesso, nome, data_nascita, data_entrata, data_uscita, specie) values (1, 'Japan', 'f', 'Emmery', '1988-02-29 11:45:19', '2021-06-12 12:14:11', '2023-02-18 18:19:54', 'Flicker campo');
insert into Esemplare_Animale (codice, paese_provenienza, sesso, nome, data_nascita, data_entrata, data_uscita, specie) values (1, 'Thailand', 'f', 'Fredrick', '1998-05-10 16:59:48', '2021-04-13 15:33:34', '2023-03-19 02:49:55', 'Snake unidentified');
insert into Esemplare_Animale (codice, paese_provenienza, sesso, nome, data_nascita, data_entrata, data_uscita, specie) values (1, 'Burkina Faso', 'm', 'John', '2006-07-25 04:27:37', '2021-03-02 09:04:41', '2023-01-06 00:00:00', 'Goldeneye common');
insert into Esemplare_Animale (codice, paese_provenienza, sesso, nome, data_nascita, data_entrata, data_uscita, specie) values (1, 'Sweden', 'f', 'Stephenie', '2000-10-08 07:43:44', '2021-01-11 02:32:27', '2022-11-11 16:31:36', 'Snowy owl');
insert into Esemplare_Animale (codice, paese_provenienza, sesso, nome, data_nascita, data_entrata, data_uscita, specie) values (1, 'Poland', 'f', 'Nelli', '1998-03-17 07:43:33', '2021-02-24 02:51:43', '2023-01-06 00:00:00', 'Screamer southern');
insert into Esemplare_Animale (codice, paese_provenienza, sesso, nome, data_nascita, data_entrata, data_uscita, specie) values (1, 'Costa Rica', 'm', 'Flinn', '2017-06-13 02:15:44', '2021-07-13 21:57:25', '2022-04-01 09:51:39', 'Constrictor eastern boa');
insert into Esemplare_Animale (codice, paese_provenienza, sesso, nome, data_nascita, data_entrata, data_uscita, specie) values (1, 'Brazil', 'm', 'Ariana', '2007-03-25 15:44:10', '2021-03-22 17:40:38', null, 'Roadrunner greater');
insert into Esemplare_Animale (codice, paese_provenienza, sesso, nome, data_nascita, data_entrata, data_uscita, specie) values (1, 'United States', 'm', 'Stephi', '2013-07-06 03:06:18', '2021-11-30 05:27:58', '2022-11-30 09:29:59', 'Andean goose');
insert into Esemplare_Animale (codice, paese_provenienza, sesso, nome, data_nascita, data_entrata, data_uscita, specie) values (1, 'Cuba', 'm', 'Colver', '2012-07-22 20:58:26', '2021-01-09 07:56:46', '2023-01-17 03:31:09', 'Radiated tortoise');
insert into Esemplare_Animale (codice, paese_provenienza, sesso, nome, data_nascita, data_entrata, data_uscita, specie) values (1, 'United States', 'f', 'Jessamyn', '2008-05-14 14:01:30', '2021-10-28 16:59:35', '2023-07-28 18:17:54', 'Two-toed sloth');
insert into Esemplare_Animale (codice, paese_provenienza, sesso, nome, data_nascita, data_entrata, data_uscita, specie) values (1, 'China', 'f', 'Egan', '2017-12-31 23:23:08', '2021-12-29 15:04:01', null, 'Python carpet');
insert into Esemplare_Animale (codice, paese_provenienza, sesso, nome, data_nascita, data_entrata, data_uscita, specie) values (1, 'Peru', 'm', 'Hendrick', '1999-02-19 18:51:56', '2021-12-13 09:18:20', '2022-01-10 21:43:17', 'Cat long-tailed spotted');
insert into Esemplare_Animale (codice, paese_provenienza, sesso, nome, data_nascita, data_entrata, data_uscita, specie) values (1, 'Bosnia and Herzegovina', 'm', 'Hubey', '2001-01-24 06:00:40', '2021-11-20 04:58:34', '2022-07-13 07:41:44', 'Rattlesnake horned');
insert into Esemplare_Animale (codice, paese_provenienza, sesso, nome, data_nascita, data_entrata, data_uscita, specie) values (1, 'Bosnia and Herzegovina', 'm', 'Domeniga', '2016-04-19 22:58:02', '2021-04-06 22:24:28', '2022-09-12 06:38:56', 'Mockingbird galapagos');
insert into Esemplare_Animale (codice, paese_provenienza, sesso, nome, data_nascita, data_entrata, data_uscita, specie) values (1, 'Portugal', 'f', 'Carlyn', '2017-09-18 22:07:08', '2021-01-19 19:01:51', '2022-04-25 06:06:09', 'Buttermilk snake');
insert into Esemplare_Animale (codice, paese_provenienza, sesso, nome, data_nascita, data_entrata, data_uscita, specie) values (1, 'Bulgaria', 'm', 'Lulu', '1976-01-30 01:03:36', '2021-10-01 03:15:05', '2022-12-25 00:18:23', 'Red-cheeked cordon bleu');
insert into Esemplare_Animale (codice, paese_provenienza, sesso, nome, data_nascita, data_entrata, data_uscita, specie) values (1, 'Indonesia', 'f', 'Ellary', '2020-09-28 05:38:31', '2021-03-09 03:52:03', '2023-01-09 12:28:08', 'Bird pied butcher');
insert into Esemplare_Animale (codice, paese_provenienza, sesso, nome, data_nascita, data_entrata, data_uscita, specie) values (1, 'Indonesia', 'm', 'Cosimo', '2020-10-22 06:15:48', '2021-07-19 03:01:09', '2022-02-22 09:18:45', 'Anteater giant');
insert into Esemplare_Animale (codice, paese_provenienza, sesso, nome, data_nascita, data_entrata, data_uscita, specie) values (1, 'Nicaragua', 'f', 'Shamus', '1979-12-08 13:22:55', '2021-12-12 20:18:04', null, 'Goose greylag');
insert into Esemplare_Animale (codice, paese_provenienza, sesso, nome, data_nascita, data_entrata, data_uscita, specie) values (1, 'China', 'f', 'Jeannine', '1978-08-16 11:31:42', '2021-07-17 13:55:07', '2022-03-24 21:50:53', 'Kangaroo western grey');
insert into Esemplare_Animale (codice, paese_provenienza, sesso, nome, data_nascita, data_entrata, data_uscita, specie) values (1, 'New Zealand', 'f', 'Carlotta', '1996-01-20 10:11:01', '2021-08-26 04:35:55', '2023-03-19 09:38:53', 'Racer snake');
insert into Esemplare_Animale (codice, paese_provenienza, sesso, nome, data_nascita, data_entrata, data_uscita, specie) values (1, 'Egypt', 'f', 'Parnell', '1981-09-07 23:21:51', '2021-09-10 20:31:31', '2022-09-26 04:20:38', 'Worm snake unidentified');
insert into Esemplare_Animale (codice, paese_provenienza, sesso, nome, data_nascita, data_entrata, data_uscita, specie) values (1, 'Madagascar', 'f', 'Mark', '1977-05-28 09:00:26', '2021-05-24 01:58:19', '2023-08-08 15:09:09', 'Glider feathertail');
insert into Esemplare_Animale (codice, paese_provenienza, sesso, nome, data_nascita, data_entrata, data_uscita, specie) values (1, 'Portugal', 'm', 'Idalia', '1980-04-25 20:30:40', '2021-09-05 17:38:01', '2023-07-28 17:48:43', 'Wapiti elk');
insert into Esemplare_Animale (codice, paese_provenienza, sesso, nome, data_nascita, data_entrata, data_uscita, specie) values (1, 'China', 'f', 'Silvia', '1998-03-20 23:45:12', '2021-12-26 13:54:50', '2022-04-10 23:42:39', 'Mynah indian');
insert into Esemplare_Animale (codice, paese_provenienza, sesso, nome, data_nascita, data_entrata, data_uscita, specie) values (1, 'China', 'f', 'Bronson', '1983-09-26 13:56:23', '2021-01-04 22:11:40', null, 'Pine siskin');
insert into Esemplare_Animale (codice, paese_provenienza, sesso, nome, data_nascita, data_entrata, data_uscita, specie) values (1, 'Russia', 'f', 'Sashenka', '2003-04-11 06:39:42', '2021-11-17 12:37:02', null, 'African lynx');
insert into Esemplare_Animale (codice, paese_provenienza, sesso, nome, data_nascita, data_entrata, data_uscita, specie) values (1, 'Philippines', 'm', 'Marybeth', '1985-06-28 01:02:27', '2021-07-21 15:02:43', '2023-11-08 21:28:39', 'Tenrec tailless');
insert into Esemplare_Animale (codice, paese_provenienza, sesso, nome, data_nascita, data_entrata, data_uscita, specie) values (2, 'Guatemala', 'm', 'Val', '1981-09-22 14:20:34', '2021-11-13 08:44:01', '2022-04-25 05:49:41', 'White-fronted capuchin');
insert into Esemplare_Animale (codice, paese_provenienza, sesso, nome, data_nascita, data_entrata, data_uscita, specie) values (2, 'Peru', 'm', 'Riobard', '1981-03-03 15:50:57', '2021-06-26 23:59:45', '2023-01-19 06:50:13', 'Southern black-backed gull');
insert into Esemplare_Animale (codice, paese_provenienza, sesso, nome, data_nascita, data_entrata, data_uscita, specie) values (2, 'China', 'm', 'Gaynor', '2015-12-11 23:21:06', '2021-10-28 06:01:38', '2022-04-01 07:12:06', 'Pygmy possum');
insert into Esemplare_Animale (codice, paese_provenienza, sesso, nome, data_nascita, data_entrata, data_uscita, specie) values (2, 'Ivory Coast', 'f', 'Isiahi', '2005-06-22 02:44:06', '2021-02-07 10:07:32', '2022-11-15 05:15:00', 'Mynah common');
insert into Esemplare_Animale (codice, paese_provenienza, sesso, nome, data_nascita, data_entrata, data_uscita, specie) values (2, 'Serbia', 'f', 'Mitchel', '2003-10-11 06:28:48', '2021-01-14 05:25:58', '2022-01-03 21:47:15', 'Rattlesnake eastern diamondback');
insert into Esemplare_Animale (codice, paese_provenienza, sesso, nome, data_nascita, data_entrata, data_uscita, specie) values (2, 'China', 'f', 'Salaidh', '1980-06-10 20:11:34', '2021-04-16 19:12:17', '2023-04-25 23:50:13', 'Onager');
insert into Esemplare_Animale (codice, paese_provenienza, sesso, nome, data_nascita, data_entrata, data_uscita, specie) values (2, 'Spain', 'f', 'Pammy', '1995-10-05 03:59:08', '2021-08-26 07:00:35', null, 'Arboral spiny rat');
insert into Esemplare_Animale (codice, paese_provenienza, sesso, nome, data_nascita, data_entrata, data_uscita, specie) values (2, 'French Polynesia', 'f', 'Leisha', '2007-06-15 00:07:37', '2021-06-18 15:03:39', '2022-10-02 22:32:58', 'Owl madagascar hawk');
insert into Esemplare_Animale (codice, paese_provenienza, sesso, nome, data_nascita, data_entrata, data_uscita, specie) values (2, 'China', 'f', 'Phebe', '1992-07-18 15:11:10', '2021-05-07 01:41:44', null, 'Great egret');
insert into Esemplare_Animale (codice, paese_provenienza, sesso, nome, data_nascita, data_entrata, data_uscita, specie) values (2, 'Costa Rica', 'f', 'Vernon', '1986-04-12 02:19:19', '2021-10-11 21:50:41', null, 'Western bearded dragon');
insert into Esemplare_Animale (codice, paese_provenienza, sesso, nome, data_nascita, data_entrata, data_uscita, specie) values (2, 'Myanmar', 'f', 'Willi', '1977-06-30 11:26:27', '2021-08-07 02:10:29', '2023-10-15 02:10:37', 'Greater sage grouse');
insert into Esemplare_Animale (codice, paese_provenienza, sesso, nome, data_nascita, data_entrata, data_uscita, specie) values (2, 'Venezuela', 'm', 'Jana', '2014-11-07 07:28:52', '2021-01-29 18:42:56', '2023-01-06 00:00:00', 'Coot red-knobbed');
insert into Esemplare_Animale (codice, paese_provenienza, sesso, nome, data_nascita, data_entrata, data_uscita, specie) values (2, 'Poland', 'm', 'Caro', '1996-12-04 08:45:36', '2021-07-12 03:14:28', '2022-12-10 05:29:21', 'Lizard desert spiny');
insert into Esemplare_Animale (codice, paese_provenienza, sesso, nome, data_nascita, data_entrata, data_uscita, specie) values (2, 'Poland', 'm', 'Francesca', '2005-08-16 01:01:52', '2021-11-18 08:18:34', '2022-05-05 15:14:22', 'Dragon ornate rock');
insert into Esemplare_Animale (codice, paese_provenienza, sesso, nome, data_nascita, data_entrata, data_uscita, specie) values (2, 'Guatemala', 'f', 'Lezley', '1982-08-10 19:04:46', '2021-04-28 06:48:43', '2023-02-15 05:35:10', 'King cormorant');
insert into Esemplare_Animale (codice, paese_provenienza, sesso, nome, data_nascita, data_entrata, data_uscita, specie) values (2, 'Georgia', 'f', 'Jolee', '1972-06-30 16:09:17', '2021-09-27 03:22:34', '2022-04-04 00:50:03', 'American alligator');
insert into Esemplare_Animale (codice, paese_provenienza, sesso, nome, data_nascita, data_entrata, data_uscita, specie) values (2, 'South Africa', 'm', 'Carol-jean', '1973-02-22 01:47:40', '2021-08-17 02:37:09', null, 'Australian magpie');
insert into Esemplare_Animale (codice, paese_provenienza, sesso, nome, data_nascita, data_entrata, data_uscita, specie) values (2, 'United States', 'f', 'Libby', '1995-09-12 03:22:25', '2021-02-20 12:50:22', '2023-01-23 14:48:19', 'Pale white-eye');
insert into Esemplare_Animale (codice, paese_provenienza, sesso, nome, data_nascita, data_entrata, data_uscita, specie) values (2, 'Poland', 'f', 'Lorens', '2016-06-20 00:40:54', '2021-11-27 04:23:42', '2022-10-23 23:49:48', 'Brazilian tapir');
insert into Esemplare_Animale (codice, paese_provenienza, sesso, nome, data_nascita, data_entrata, data_uscita, specie) values (2, 'China', 'm', 'Reidar', '1972-10-26 11:17:54', '2021-11-13 01:32:43', null, 'Kelp gull');
insert into Esemplare_Animale (codice, paese_provenienza, sesso, nome, data_nascita, data_entrata, data_uscita, specie) values (2, 'Indonesia', 'f', 'Mireielle', '2007-12-29 13:58:19', '2021-04-18 04:46:05', null, 'African buffalo');
insert into Esemplare_Animale (codice, paese_provenienza, sesso, nome, data_nascita, data_entrata, data_uscita, specie) values (2, 'China', 'm', 'Rickert', '1989-07-04 12:06:51', '2021-08-10 16:51:51', '2022-12-29 11:42:21', 'Badger american');
insert into Esemplare_Animale (codice, paese_provenienza, sesso, nome, data_nascita, data_entrata, data_uscita, specie) values (2, 'United States', 'm', 'Adriena', '1990-11-01 10:05:56', '2021-03-12 07:25:10', '2023-12-17 05:27:09', 'Flicker campo');
insert into Esemplare_Animale (codice, paese_provenienza, sesso, nome, data_nascita, data_entrata, data_uscita, specie) values (2, 'Philippines', 'f', 'Miguel', '2020-10-26 16:21:26', '2021-08-01 10:33:06', '2022-06-24 23:54:00', 'Snake unidentified');
insert into Esemplare_Animale (codice, paese_provenienza, sesso, nome, data_nascita, data_entrata, data_uscita, specie) values (2, 'Peru', 'm', 'Morse', '1999-12-28 22:29:53', '2021-09-02 21:00:38', '2022-09-29 15:10:49', 'Goldeneye common');
insert into Esemplare_Animale (codice, paese_provenienza, sesso, nome, data_nascita, data_entrata, data_uscita, specie) values (2, 'China', 'm', 'Analise', '1991-05-05 07:36:35', '2021-10-04 03:34:41', '2023-03-25 22:00:04', 'Snowy owl');
insert into Esemplare_Animale (codice, paese_provenienza, sesso, nome, data_nascita, data_entrata, data_uscita, specie) values (2, 'Russia', 'f', 'Roanne', '2007-02-28 05:45:34', '2021-01-19 08:05:26', null, 'Screamer southern');
insert into Esemplare_Animale (codice, paese_provenienza, sesso, nome, data_nascita, data_entrata, data_uscita, specie) values (2, 'Peru', 'f', 'Amelie', '2017-03-13 08:38:08', '2021-01-01 19:34:45', null, 'Constrictor eastern boa');
insert into Esemplare_Animale (codice, paese_provenienza, sesso, nome, data_nascita, data_entrata, data_uscita, specie) values (2, 'United States', 'f', 'Bev', '1992-08-24 18:23:52', '2021-05-17 17:35:23', '2023-02-13 04:57:07', 'Roadrunner greater');
insert into Esemplare_Animale (codice, paese_provenienza, sesso, nome, data_nascita, data_entrata, data_uscita, specie) values (2, 'Morocco', 'm', 'Patty', '1987-01-23 23:33:10', '2021-09-23 13:23:43', '2023-11-11 04:51:28', 'Andean goose');
insert into Esemplare_Animale (codice, paese_provenienza, sesso, nome, data_nascita, data_entrata, data_uscita, specie) values (2, 'China', 'm', 'Mady', '2010-06-04 23:02:03', '2021-04-02 10:30:40', '2023-02-07 08:42:09', 'Radiated tortoise');
insert into Esemplare_Animale (codice, paese_provenienza, sesso, nome, data_nascita, data_entrata, data_uscita, specie) values (2, 'Kenya', 'f', 'Bettina', '2009-07-09 15:15:24', '2021-07-19 21:14:03', '2022-07-02 18:44:21', 'Two-toed sloth');
insert into Esemplare_Animale (codice, paese_provenienza, sesso, nome, data_nascita, data_entrata, data_uscita, specie) values (2, 'United States', 'm', 'Chelsea', '2019-04-06 03:17:23', '2021-01-26 15:49:02', '2022-02-08 10:18:23', 'Python carpet');
insert into Esemplare_Animale (codice, paese_provenienza, sesso, nome, data_nascita, data_entrata, data_uscita, specie) values (2, 'Indonesia', 'f', 'Vincent', '1990-07-26 14:50:23', '2021-11-07 12:10:46', '2022-10-26 19:25:21', 'Cat long-tailed spotted');
insert into Esemplare_Animale (codice, paese_provenienza, sesso, nome, data_nascita, data_entrata, data_uscita, specie) values (2, 'Russia', 'm', 'Karlen', '1980-02-02 12:43:00', '2021-05-06 14:37:28', '2023-03-18 10:18:47', 'Rattlesnake horned');
insert into Esemplare_Animale (codice, paese_provenienza, sesso, nome, data_nascita, data_entrata, data_uscita, specie) values (2, 'China', 'f', 'Theresa', '2019-04-04 11:27:49', '2021-10-11 01:36:12', '2022-03-31 12:34:44', 'Mockingbird galapagos');
insert into Esemplare_Animale (codice, paese_provenienza, sesso, nome, data_nascita, data_entrata, data_uscita, specie) values (2, 'Pakistan', 'f', 'Elsbeth', '2000-08-05 10:29:22', '2021-08-06 18:31:44', null, 'Buttermilk snake');
insert into Esemplare_Animale (codice, paese_provenienza, sesso, nome, data_nascita, data_entrata, data_uscita, specie) values (2, 'Russia', 'm', 'Veda', '2000-08-03 13:17:45', '2021-01-12 03:12:58', '2023-01-06 00:00:00', 'Red-cheeked cordon bleu');
insert into Esemplare_Animale (codice, paese_provenienza, sesso, nome, data_nascita, data_entrata, data_uscita, specie) values (2, 'Indonesia', 'f', 'Gregoire', '1989-06-08 00:09:46', '2021-02-14 12:51:08', '2022-08-14 14:57:15', 'Bird pied butcher');
insert into Esemplare_Animale (codice, paese_provenienza, sesso, nome, data_nascita, data_entrata, data_uscita, specie) values (2, 'Poland', 'm', 'Johannah', '1976-05-20 21:29:52', '2021-10-21 16:35:58', '2022-12-23 10:14:06', 'Anteater giant');
insert into Esemplare_Animale (codice, paese_provenienza, sesso, nome, data_nascita, data_entrata, data_uscita, specie) values (2, 'Philippines', 'm', 'Cacilia', '1982-03-15 13:05:49', '2021-01-14 21:03:24', '2022-04-14 22:35:31', 'Goose greylag');
insert into Esemplare_Animale (codice, paese_provenienza, sesso, nome, data_nascita, data_entrata, data_uscita, specie) values (2, 'Sweden', 'f', 'Marty', '1992-02-21 00:51:32', '2021-09-15 02:33:42', '2022-11-24 15:18:10', 'Kangaroo western grey');
insert into Esemplare_Animale (codice, paese_provenienza, sesso, nome, data_nascita, data_entrata, data_uscita, specie) values (2, 'Denmark', 'm', 'Nanon', '2020-11-14 06:35:49', '2021-10-10 17:51:15', '2022-11-03 06:57:37', 'Racer snake');
insert into Esemplare_Animale (codice, paese_provenienza, sesso, nome, data_nascita, data_entrata, data_uscita, specie) values (2, 'China', 'm', 'Marion', '2017-06-08 02:41:14', '2021-03-27 04:20:11', '2023-08-04 22:26:40', 'Worm snake unidentified');
insert into Esemplare_Animale (codice, paese_provenienza, sesso, nome, data_nascita, data_entrata, data_uscita, specie) values (2, 'Jordan', 'm', 'Faustina', '2012-06-07 03:19:43', '2021-05-04 11:01:59', '2023-05-05 18:32:50', 'Glider feathertail');
insert into Esemplare_Animale (codice, paese_provenienza, sesso, nome, data_nascita, data_entrata, data_uscita, specie) values (2, 'Dominican Republic', 'm', 'Frasquito', '1986-06-01 13:28:16', '2021-09-09 03:48:48', '2022-12-24 16:29:44', 'Wapiti elk');
insert into Esemplare_Animale (codice, paese_provenienza, sesso, nome, data_nascita, data_entrata, data_uscita, specie) values (2, 'Czech Republic', 'm', 'Devlin', '1989-10-04 23:27:17', '2021-04-02 04:35:25', '2022-01-12 10:11:26', 'Mynah indian');
insert into Esemplare_Animale (codice, paese_provenienza, sesso, nome, data_nascita, data_entrata, data_uscita, specie) values (2, 'Algeria', 'm', 'Montague', '1995-08-29 11:03:49', '2021-06-06 01:41:32', '2023-11-23 02:02:32', 'Pine siskin');
insert into Esemplare_Animale (codice, paese_provenienza, sesso, nome, data_nascita, data_entrata, data_uscita, specie) values (2, 'China', 'm', 'Adena', '1984-10-02 18:44:44', '2021-10-16 14:01:41', '2023-07-08 04:54:14', 'African lynx');
insert into Esemplare_Animale (codice, paese_provenienza, sesso, nome, data_nascita, data_entrata, data_uscita, specie) values (2, 'Armenia', 'f', 'Seka', '1978-11-04 00:01:19', '2021-02-23 15:47:01', '2023-08-23 03:27:03', 'Tenrec tailless');
insert into Esemplare_Animale (codice, paese_provenienza, sesso, nome, data_nascita, data_entrata, data_uscita, specie) values (3, 'Brazil', 'm', 'Marcela', '2016-05-30 21:46:02', '2021-11-08 14:01:35', '2023-01-03 01:15:44', 'White-fronted capuchin');
insert into Esemplare_Animale (codice, paese_provenienza, sesso, nome, data_nascita, data_entrata, data_uscita, specie) values (3, 'Japan', 'm', 'Bernie', '1980-04-21 04:49:46', '2021-12-25 14:18:26', '2022-07-08 05:33:24', 'Southern black-backed gull');
insert into Esemplare_Animale (codice, paese_provenienza, sesso, nome, data_nascita, data_entrata, data_uscita, specie) values (3, 'Portugal', 'f', 'Rosette', '1972-09-08 11:05:40', '2021-04-18 08:08:56', '2023-05-27 20:41:03', 'Pygmy possum');
insert into Esemplare_Animale (codice, paese_provenienza, sesso, nome, data_nascita, data_entrata, data_uscita, specie) values (3, 'Spain', 'm', 'Charita', '1991-06-24 14:15:20', '2021-04-01 00:19:48', '2022-02-05 18:50:04', 'Mynah common');
insert into Esemplare_Animale (codice, paese_provenienza, sesso, nome, data_nascita, data_entrata, data_uscita, specie) values (3, 'China', 'm', 'Malinda', '2010-06-01 09:24:22', '2021-02-03 10:43:03', null, 'Rattlesnake eastern diamondback');
insert into Esemplare_Animale (codice, paese_provenienza, sesso, nome, data_nascita, data_entrata, data_uscita, specie) values (3, 'Israel', 'f', 'Claudina', '1974-05-04 21:28:09', '2021-07-28 19:36:06', null, 'Onager');
insert into Esemplare_Animale (codice, paese_provenienza, sesso, nome, data_nascita, data_entrata, data_uscita, specie) values (3, 'Portugal', 'f', 'Bendite', '1985-03-16 15:24:41', '2021-03-23 08:10:49', '2023-07-14 06:31:37', 'Arboral spiny rat');
insert into Esemplare_Animale (codice, paese_provenienza, sesso, nome, data_nascita, data_entrata, data_uscita, specie) values (3, 'Portugal', 'm', 'Lilith', '1982-01-27 16:28:23', '2021-12-17 06:36:24', '2023-11-08 06:53:42', 'Owl madagascar hawk');
insert into Esemplare_Animale (codice, paese_provenienza, sesso, nome, data_nascita, data_entrata, data_uscita, specie) values (3, 'Rwanda', 'f', 'Cynde', '1983-04-12 23:47:12', '2021-04-09 03:41:53', null, 'Great egret');
insert into Esemplare_Animale (codice, paese_provenienza, sesso, nome, data_nascita, data_entrata, data_uscita, specie) values (3, 'Indonesia', 'f', 'Renault', '1987-08-08 03:34:52', '2021-05-24 00:11:58', '2023-06-10 21:20:23', 'Western bearded dragon');
insert into Esemplare_Animale (codice, paese_provenienza, sesso, nome, data_nascita, data_entrata, data_uscita, specie) values (3, 'China', 'f', 'Karl', '1982-04-12 10:39:38', '2021-11-09 07:42:10', '2023-03-10 17:32:28', 'Greater sage grouse');
insert into Esemplare_Animale (codice, paese_provenienza, sesso, nome, data_nascita, data_entrata, data_uscita, specie) values (3, 'Mexico', 'm', 'Aldrich', '1978-08-26 14:20:02', '2021-05-13 20:57:13', '2023-12-13 19:24:53', 'Coot red-knobbed');
insert into Esemplare_Animale (codice, paese_provenienza, sesso, nome, data_nascita, data_entrata, data_uscita, specie) values (3, 'Peru', 'f', 'Dorey', '2011-11-17 11:12:21', '2021-02-06 20:03:32', '2023-01-29 00:17:04', 'Lizard desert spiny');
insert into Esemplare_Animale (codice, paese_provenienza, sesso, nome, data_nascita, data_entrata, data_uscita, specie) values (3, 'Morocco', 'f', 'Correy', '2002-09-09 14:13:12', '2021-02-10 16:07:53', '2023-09-19 18:32:28', 'Dragon ornate rock');
insert into Esemplare_Animale (codice, paese_provenienza, sesso, nome, data_nascita, data_entrata, data_uscita, specie) values (3, 'Russia', 'm', 'Lissi', '2012-12-02 16:45:55', '2021-08-06 07:31:57', '2023-01-08 21:02:51', 'King cormorant');
insert into Esemplare_Animale (codice, paese_provenienza, sesso, nome, data_nascita, data_entrata, data_uscita, specie) values (3, 'Japan', 'f', 'Oralie', '2006-09-16 17:44:48', '2021-11-23 03:14:14', '2023-03-28 14:35:35', 'American alligator');
insert into Esemplare_Animale (codice, paese_provenienza, sesso, nome, data_nascita, data_entrata, data_uscita, specie) values (3, 'Armenia', 'm', 'Aliza', '2001-03-17 09:43:11', '2021-09-29 01:27:49', null, 'Australian magpie');
insert into Esemplare_Animale (codice, paese_provenienza, sesso, nome, data_nascita, data_entrata, data_uscita, specie) values (3, 'Indonesia', 'f', 'Esme', '2004-10-01 03:44:16', '2021-10-01 21:01:52', '2023-07-14 14:02:58', 'Pale white-eye');
insert into Esemplare_Animale (codice, paese_provenienza, sesso, nome, data_nascita, data_entrata, data_uscita, specie) values (3, 'Indonesia', 'f', 'Nick', '1986-07-31 16:56:06', '2021-03-20 15:02:57', '2022-06-05 22:11:35', 'Brazilian tapir');
insert into Esemplare_Animale (codice, paese_provenienza, sesso, nome, data_nascita, data_entrata, data_uscita, specie) values (3, 'Colombia', 'f', 'Raviv', '1994-05-11 22:43:25', '2021-06-28 07:20:54', '2022-06-05 14:11:43', 'Kelp gull');
insert into Esemplare_Animale (codice, paese_provenienza, sesso, nome, data_nascita, data_entrata, data_uscita, specie) values (3, 'Kyrgyzstan', 'f', 'Lonnard', '1991-03-18 18:15:35', '2021-09-11 08:18:33', null, 'African buffalo');
insert into Esemplare_Animale (codice, paese_provenienza, sesso, nome, data_nascita, data_entrata, data_uscita, specie) values (3, 'China', 'm', 'Cole', '2004-07-14 23:27:16', '2021-07-24 06:36:36', null, 'Badger american');
insert into Esemplare_Animale (codice, paese_provenienza, sesso, nome, data_nascita, data_entrata, data_uscita, specie) values (3, 'Ghana', 'm', 'Camel', '2009-02-21 11:55:21', '2021-12-29 06:26:22', '2023-06-17 22:00:30', 'Flicker campo');
insert into Esemplare_Animale (codice, paese_provenienza, sesso, nome, data_nascita, data_entrata, data_uscita, specie) values (3, 'Croatia', 'm', 'Vikky', '2006-01-08 11:03:32', '2021-02-07 05:24:37', '2022-05-21 17:15:37', 'Snake unidentified');
insert into Esemplare_Animale (codice, paese_provenienza, sesso, nome, data_nascita, data_entrata, data_uscita, specie) values (3, 'Indonesia', 'f', 'Lodovico', '1987-11-28 17:45:29', '2021-09-14 03:38:11', '2022-02-10 06:43:16', 'Goldeneye common');
insert into Esemplare_Animale (codice, paese_provenienza, sesso, nome, data_nascita, data_entrata, data_uscita, specie) values (3, 'Armenia', 'm', 'Daffi', '2000-09-12 01:51:26', '2021-03-26 09:36:40', '2023-04-16 12:10:41', 'Snowy owl');
insert into Esemplare_Animale (codice, paese_provenienza, sesso, nome, data_nascita, data_entrata, data_uscita, specie) values (3, 'China', 'm', 'Teressa', '1987-05-07 07:55:28', '2021-12-04 11:35:25', '2022-03-08 14:13:37', 'Screamer southern');
insert into Esemplare_Animale (codice, paese_provenienza, sesso, nome, data_nascita, data_entrata, data_uscita, specie) values (3, 'Russia', 'm', 'Corene', '1989-07-01 06:18:51', '2021-03-11 08:04:33', '2023-05-27 16:41:28', 'Constrictor eastern boa');
insert into Esemplare_Animale (codice, paese_provenienza, sesso, nome, data_nascita, data_entrata, data_uscita, specie) values (3, 'China', 'f', 'Samuele', '1979-05-25 06:09:22', '2021-01-31 10:33:10', '2023-03-15 13:04:17', 'Roadrunner greater');
insert into Esemplare_Animale (codice, paese_provenienza, sesso, nome, data_nascita, data_entrata, data_uscita, specie) values (3, 'Mexico', 'm', 'Adlai', '2006-05-05 04:55:36', '2021-10-27 23:39:33', '2022-09-17 01:02:34', 'Andean goose');
insert into Esemplare_Animale (codice, paese_provenienza, sesso, nome, data_nascita, data_entrata, data_uscita, specie) values (3, 'Indonesia', 'f', 'Omar', '1978-01-10 01:49:35', '2021-05-20 07:27:48', '2023-12-04 05:04:57', 'Radiated tortoise');
insert into Esemplare_Animale (codice, paese_provenienza, sesso, nome, data_nascita, data_entrata, data_uscita, specie) values (3, 'Moldova', 'f', 'Savina', '1980-09-15 05:56:38', '2021-10-27 08:50:59', '2023-07-30 14:20:30', 'Two-toed sloth');
insert into Esemplare_Animale (codice, paese_provenienza, sesso, nome, data_nascita, data_entrata, data_uscita, specie) values (3, 'Canada', 'm', 'Camile', '1972-04-13 10:50:06', '2021-10-24 15:56:43', null, 'Python carpet');
insert into Esemplare_Animale (codice, paese_provenienza, sesso, nome, data_nascita, data_entrata, data_uscita, specie) values (3, 'Indonesia', 'm', 'Yolanda', '1997-04-23 18:19:23', '2021-05-18 15:17:18', '2023-01-06 00:00:00', 'Cat long-tailed spotted');
insert into Esemplare_Animale (codice, paese_provenienza, sesso, nome, data_nascita, data_entrata, data_uscita, specie) values (3, 'Philippines', 'f', 'Rutter', '1994-11-13 09:52:22', '2021-12-17 20:04:36', '2022-02-28 04:31:05', 'Rattlesnake horned');
insert into Esemplare_Animale (codice, paese_provenienza, sesso, nome, data_nascita, data_entrata, data_uscita, specie) values (3, 'Portugal', 'm', 'Bren', '1987-04-10 06:22:15', '2021-05-02 22:03:50', '2022-10-02 22:31:42', 'Mockingbird galapagos');
insert into Esemplare_Animale (codice, paese_provenienza, sesso, nome, data_nascita, data_entrata, data_uscita, specie) values (3, 'China', 'f', 'Katherine', '1978-07-31 03:50:29', '2021-01-14 11:36:34', '2022-09-27 04:49:39', 'Buttermilk snake');
insert into Esemplare_Animale (codice, paese_provenienza, sesso, nome, data_nascita, data_entrata, data_uscita, specie) values (3, 'China', 'm', 'Rip', '1998-12-17 00:28:12', '2021-02-09 06:47:24', '2022-12-27 05:24:44', 'Red-cheeked cordon bleu');
insert into Esemplare_Animale (codice, paese_provenienza, sesso, nome, data_nascita, data_entrata, data_uscita, specie) values (3, 'China', 'm', 'Amory', '1989-03-29 08:21:26', '2021-05-13 03:34:38', '2023-09-30 07:12:38', 'Bird pied butcher');
insert into Esemplare_Animale (codice, paese_provenienza, sesso, nome, data_nascita, data_entrata, data_uscita, specie) values (3, 'Ukraine', 'm', 'Libbi', '2000-11-30 19:53:56', '2021-03-17 19:36:25', '2023-12-28 12:37:58', 'Anteater giant');
insert into Esemplare_Animale (codice, paese_provenienza, sesso, nome, data_nascita, data_entrata, data_uscita, specie) values (3, 'United States', 'm', 'Farris', '1993-05-27 14:11:22', '2021-04-22 00:56:28', '2023-09-28 20:47:58', 'Goose greylag');
insert into Esemplare_Animale (codice, paese_provenienza, sesso, nome, data_nascita, data_entrata, data_uscita, specie) values (3, 'Bangladesh', 'm', 'Douglas', '1979-08-14 20:26:15', '2021-09-03 00:19:38', '2023-12-16 07:34:20', 'Kangaroo western grey');
insert into Esemplare_Animale (codice, paese_provenienza, sesso, nome, data_nascita, data_entrata, data_uscita, specie) values (3, 'Russia', 'm', 'Gypsy', '1985-10-04 05:48:25', '2021-05-08 09:25:24', '2023-02-09 19:02:40', 'Racer snake');
insert into Esemplare_Animale (codice, paese_provenienza, sesso, nome, data_nascita, data_entrata, data_uscita, specie) values (3, 'Slovenia', 'm', 'Debi', '1985-09-21 11:57:24', '2021-07-22 01:10:53', '2022-05-09 16:32:00', 'Worm snake unidentified');
insert into Esemplare_Animale (codice, paese_provenienza, sesso, nome, data_nascita, data_entrata, data_uscita, specie) values (3, 'Russia', 'f', 'Aldin', '1987-12-05 21:43:19', '2021-11-24 08:16:14', '2023-07-24 15:47:14', 'Glider feathertail');
insert into Esemplare_Animale (codice, paese_provenienza, sesso, nome, data_nascita, data_entrata, data_uscita, specie) values (3, 'Guatemala', 'f', 'Lolita', '2020-11-14 14:09:51', '2021-03-23 19:45:44', '2022-10-10 09:12:59', 'Wapiti elk');
insert into Esemplare_Animale (codice, paese_provenienza, sesso, nome, data_nascita, data_entrata, data_uscita, specie) values (3, 'Poland', 'f', 'Florida', '2020-04-04 17:18:25', '2021-12-11 05:01:30', '2023-11-29 06:13:02', 'Mynah indian');
insert into Esemplare_Animale (codice, paese_provenienza, sesso, nome, data_nascita, data_entrata, data_uscita, specie) values (3, 'Canada', 'm', 'Wilone', '2012-06-18 15:38:11', '2021-08-29 14:18:49', '2022-08-16 05:44:07', 'Pine siskin');
insert into Esemplare_Animale (codice, paese_provenienza, sesso, nome, data_nascita, data_entrata, data_uscita, specie) values (3, 'Argentina', 'm', 'Sascha', '1976-01-23 02:18:32', '2021-12-14 06:16:13', null, 'African lynx');
insert into Esemplare_Animale (codice, paese_provenienza, sesso, nome, data_nascita, data_entrata, data_uscita, specie) values (3, 'Latvia', 'f', 'Ruben', '1999-07-27 05:15:02', '2021-10-27 23:27:17', '2022-08-18 19:52:11', 'Tenrec tailless');
insert into Esemplare_Animale (codice, paese_provenienza, sesso, nome, data_nascita, data_entrata, data_uscita, specie) values (4, 'China', 'f', 'Tabbi', '2008-11-29 10:40:12', '2021-04-06 19:29:01', '2023-04-14 03:44:33', 'White-fronted capuchin');
insert into Esemplare_Animale (codice, paese_provenienza, sesso, nome, data_nascita, data_entrata, data_uscita, specie) values (4, 'Greece', 'm', 'Meris', '1976-06-24 09:34:46', '2021-12-29 19:36:25', '2023-09-29 17:26:04', 'Southern black-backed gull');
insert into Esemplare_Animale (codice, paese_provenienza, sesso, nome, data_nascita, data_entrata, data_uscita, specie) values (4, 'Indonesia', 'm', 'Rebeka', '2002-04-19 07:31:34', '2021-07-31 07:16:02', '2022-08-10 02:29:07', 'Pygmy possum');
insert into Esemplare_Animale (codice, paese_provenienza, sesso, nome, data_nascita, data_entrata, data_uscita, specie) values (4, 'China', 'm', 'Pierette', '1993-10-20 16:20:40', '2021-08-19 16:21:04', '2023-01-06 00:00:00', 'Mynah common');
insert into Esemplare_Animale (codice, paese_provenienza, sesso, nome, data_nascita, data_entrata, data_uscita, specie) values (4, 'China', 'm', 'Leontine', '2011-08-11 03:02:02', '2021-10-24 11:53:58', '2022-01-20 19:22:11', 'Rattlesnake eastern diamondback');
insert into Esemplare_Animale (codice, paese_provenienza, sesso, nome, data_nascita, data_entrata, data_uscita, specie) values (4, 'Ukraine', 'f', 'Keane', '1995-12-27 08:38:59', '2021-07-07 03:49:48', '2023-11-12 07:49:59', 'Onager');
insert into Esemplare_Animale (codice, paese_provenienza, sesso, nome, data_nascita, data_entrata, data_uscita, specie) values (4, 'Philippines', 'm', 'Daniella', '1987-08-04 18:50:35', '2021-09-02 22:31:40', '2023-09-27 06:24:45', 'Arboral spiny rat');
insert into Esemplare_Animale (codice, paese_provenienza, sesso, nome, data_nascita, data_entrata, data_uscita, specie) values (4, 'China', 'f', 'Enoch', '1973-02-04 23:51:56', '2021-10-27 13:00:14', '2022-01-17 20:20:46', 'Owl madagascar hawk');
insert into Esemplare_Animale (codice, paese_provenienza, sesso, nome, data_nascita, data_entrata, data_uscita, specie) values (4, 'China', 'm', 'Berna', '1985-08-22 01:04:37', '2021-06-10 23:02:22', null, 'Great egret');
insert into Esemplare_Animale (codice, paese_provenienza, sesso, nome, data_nascita, data_entrata, data_uscita, specie) values (4, 'Ecuador', 'm', 'Loren', '1987-07-29 17:05:20', '2021-04-30 06:04:46', '2022-05-24 19:16:22', 'Western bearded dragon');
insert into Esemplare_Animale (codice, paese_provenienza, sesso, nome, data_nascita, data_entrata, data_uscita, specie) values (4, 'Brazil', 'm', 'Rhetta', '1976-09-18 03:27:40', '2021-05-02 08:19:24', '2023-04-26 11:29:52', 'Greater sage grouse');
insert into Esemplare_Animale (codice, paese_provenienza, sesso, nome, data_nascita, data_entrata, data_uscita, specie) values (4, 'Israel', 'm', 'Corrina', '1990-05-17 02:07:50', '2021-09-30 05:35:40', '2023-09-30 10:16:14', 'Coot red-knobbed');
insert into Esemplare_Animale (codice, paese_provenienza, sesso, nome, data_nascita, data_entrata, data_uscita, specie) values (4, 'China', 'f', 'Delinda', '2020-10-04 14:46:28', '2021-02-21 22:47:38', '2022-07-04 17:13:37', 'Lizard desert spiny');
insert into Esemplare_Animale (codice, paese_provenienza, sesso, nome, data_nascita, data_entrata, data_uscita, specie) values (4, 'France', 'f', 'Obed', '1998-12-22 05:13:31', '2021-06-18 01:27:52', '2023-05-31 00:20:43', 'Dragon ornate rock');
insert into Esemplare_Animale (codice, paese_provenienza, sesso, nome, data_nascita, data_entrata, data_uscita, specie) values (4, 'Sri Lanka', 'f', 'Abran', '1979-11-18 01:30:58', '2021-05-28 21:13:18', '2022-04-26 20:53:36', 'King cormorant');
insert into Esemplare_Animale (codice, paese_provenienza, sesso, nome, data_nascita, data_entrata, data_uscita, specie) values (4, 'Ireland', 'm', 'Pier', '1994-02-18 11:23:37', '2021-07-20 02:19:51', '2022-09-06 11:30:53', 'American alligator');
insert into Esemplare_Animale (codice, paese_provenienza, sesso, nome, data_nascita, data_entrata, data_uscita, specie) values (4, 'Vietnam', 'f', 'Kevyn', '2015-11-23 21:14:15', '2021-11-27 07:36:45', '2023-08-09 15:54:48', 'Australian magpie');
insert into Esemplare_Animale (codice, paese_provenienza, sesso, nome, data_nascita, data_entrata, data_uscita, specie) values (4, 'Poland', 'f', 'Durward', '2009-03-29 18:02:27', '2021-12-14 04:19:12', '2023-06-05 14:11:09', 'Pale white-eye');
insert into Esemplare_Animale (codice, paese_provenienza, sesso, nome, data_nascita, data_entrata, data_uscita, specie) values (4, 'Russia', 'm', 'Pammy', '1991-04-13 07:53:17', '2021-01-20 14:34:46', '2023-11-06 08:20:44', 'Brazilian tapir');
insert into Esemplare_Animale (codice, paese_provenienza, sesso, nome, data_nascita, data_entrata, data_uscita, specie) values (4, 'Philippines', 'f', 'Gretna', '1978-06-14 14:35:10', '2021-12-15 09:10:05', null, 'Kelp gull');
insert into Esemplare_Animale (codice, paese_provenienza, sesso, nome, data_nascita, data_entrata, data_uscita, specie) values (4, 'China', 'f', 'Reena', '2002-07-14 16:16:23', '2021-12-08 05:36:27', '2023-01-04 19:15:04', 'African buffalo');
insert into Esemplare_Animale (codice, paese_provenienza, sesso, nome, data_nascita, data_entrata, data_uscita, specie) values (4, 'Iran', 'f', 'Kienan', '1977-12-04 18:30:16', '2021-06-23 11:25:12', '2022-11-19 22:36:57', 'Badger american');
insert into Esemplare_Animale (codice, paese_provenienza, sesso, nome, data_nascita, data_entrata, data_uscita, specie) values (4, 'China', 'f', 'Harlan', '1977-08-13 04:37:55', '2021-11-10 19:17:10', '2023-09-29 06:11:17', 'Flicker campo');
insert into Esemplare_Animale (codice, paese_provenienza, sesso, nome, data_nascita, data_entrata, data_uscita, specie) values (4, 'Indonesia', 'f', 'Kial', '1981-07-12 08:52:40', '2021-10-12 01:42:08', '2022-02-07 20:38:10', 'Snake unidentified');
insert into Esemplare_Animale (codice, paese_provenienza, sesso, nome, data_nascita, data_entrata, data_uscita, specie) values (4, 'Portugal', 'm', 'Helenelizabeth', '1983-05-25 16:05:04', '2021-04-10 01:58:03', '2023-11-11 15:00:42', 'Goldeneye common');
insert into Esemplare_Animale (codice, paese_provenienza, sesso, nome, data_nascita, data_entrata, data_uscita, specie) values (4, 'China', 'm', 'Halette', '2016-02-13 19:26:43', '2021-12-06 17:29:41', '2023-04-12 13:37:43', 'Snowy owl');
insert into Esemplare_Animale (codice, paese_provenienza, sesso, nome, data_nascita, data_entrata, data_uscita, specie) values (4, 'Indonesia', 'm', 'Jody', '2002-12-13 00:18:21', '2021-09-26 12:31:53', '2022-06-27 17:45:11', 'Screamer southern');
insert into Esemplare_Animale (codice, paese_provenienza, sesso, nome, data_nascita, data_entrata, data_uscita, specie) values (4, 'Brazil', 'f', 'Kacie', '1999-11-01 06:43:33', '2021-01-19 11:32:31', '2022-11-08 09:58:35', 'Constrictor eastern boa');
insert into Esemplare_Animale (codice, paese_provenienza, sesso, nome, data_nascita, data_entrata, data_uscita, specie) values (4, 'Indonesia', 'f', 'Helen', '1989-08-16 04:22:35', '2021-11-09 11:36:48', '2022-07-03 07:13:00', 'Roadrunner greater');
insert into Esemplare_Animale (codice, paese_provenienza, sesso, nome, data_nascita, data_entrata, data_uscita, specie) values (4, 'Indonesia', 'm', 'Urban', '1984-04-07 10:07:07', '2021-10-01 12:14:08', '2023-01-06 00:00:00', 'Andean goose');
insert into Esemplare_Animale (codice, paese_provenienza, sesso, nome, data_nascita, data_entrata, data_uscita, specie) values (4, 'Canada', 'm', 'Dallon', '2006-10-15 07:49:23', '2021-11-19 02:28:57', '2023-08-10 04:45:32', 'Radiated tortoise');
insert into Esemplare_Animale (codice, paese_provenienza, sesso, nome, data_nascita, data_entrata, data_uscita, specie) values (4, 'Indonesia', 'f', 'Terry', '2003-09-13 06:35:46', '2021-11-30 18:33:48', '2023-01-06 00:00:00', 'Two-toed sloth');
insert into Esemplare_Animale (codice, paese_provenienza, sesso, nome, data_nascita, data_entrata, data_uscita, specie) values (4, 'Cyprus', 'f', 'Fabien', '1997-05-04 19:46:02', '2021-11-01 03:45:14', '2022-04-16 06:50:09', 'Python carpet');
insert into Esemplare_Animale (codice, paese_provenienza, sesso, nome, data_nascita, data_entrata, data_uscita, specie) values (4, 'Peru', 'm', 'Jakie', '1990-10-31 05:20:48', '2021-03-27 22:54:18', '2022-03-05 01:11:08', 'Cat long-tailed spotted');
insert into Esemplare_Animale (codice, paese_provenienza, sesso, nome, data_nascita, data_entrata, data_uscita, specie) values (4, 'Iran', 'm', 'Gibby', '1991-09-21 10:40:44', '2021-04-20 00:46:13', '2023-01-06 00:00:00', 'Rattlesnake horned');
insert into Esemplare_Animale (codice, paese_provenienza, sesso, nome, data_nascita, data_entrata, data_uscita, specie) values (4, 'Brazil', 'f', 'Nessy', '1981-12-27 15:57:10', '2021-01-05 18:32:36', '2022-02-03 18:05:09', 'Mockingbird galapagos');
insert into Esemplare_Animale (codice, paese_provenienza, sesso, nome, data_nascita, data_entrata, data_uscita, specie) values (4, 'Indonesia', 'm', 'Crystie', '2013-04-27 10:01:22', '2021-03-23 07:59:12', '2023-09-17 14:03:21', 'Buttermilk snake');
insert into Esemplare_Animale (codice, paese_provenienza, sesso, nome, data_nascita, data_entrata, data_uscita, specie) values (4, 'China', 'f', 'Denney', '1986-08-31 12:28:38', '2021-10-07 09:52:42', '2023-10-05 01:15:06', 'Red-cheeked cordon bleu');
insert into Esemplare_Animale (codice, paese_provenienza, sesso, nome, data_nascita, data_entrata, data_uscita, specie) values (4, 'Portugal', 'f', 'Arliene', '1989-01-04 14:56:31', '2021-06-08 09:08:28', '2023-05-06 08:53:23', 'Bird pied butcher');
insert into Esemplare_Animale (codice, paese_provenienza, sesso, nome, data_nascita, data_entrata, data_uscita, specie) values (4, 'Indonesia', 'm', 'Ted', '1991-07-12 23:34:50', '2021-07-17 22:52:20', '2023-01-06 00:00:00', 'Anteater giant');
insert into Esemplare_Animale (codice, paese_provenienza, sesso, nome, data_nascita, data_entrata, data_uscita, specie) values (4, 'Chile', 'f', 'Minni', '1989-01-23 23:58:16', '2021-07-03 17:00:48', null, 'Goose greylag');
insert into Esemplare_Animale (codice, paese_provenienza, sesso, nome, data_nascita, data_entrata, data_uscita, specie) values (4, 'Brazil', 'f', 'Antoine', '1991-11-21 16:27:10', '2021-02-17 02:10:14', '2022-12-27 05:53:54', 'Kangaroo western grey');
insert into Esemplare_Animale (codice, paese_provenienza, sesso, nome, data_nascita, data_entrata, data_uscita, specie) values (4, 'Iran', 'm', 'Jo-anne', '1999-08-24 04:09:11', '2021-11-25 17:04:37', null, 'Racer snake');
insert into Esemplare_Animale (codice, paese_provenienza, sesso, nome, data_nascita, data_entrata, data_uscita, specie) values (4, 'Palestinian Territory', 'f', 'Audra', '1981-06-17 12:41:34', '2021-06-01 03:20:11', '2023-06-01 21:21:04', 'Worm snake unidentified');
insert into Esemplare_Animale (codice, paese_provenienza, sesso, nome, data_nascita, data_entrata, data_uscita, specie) values (4, 'Indonesia', 'f', 'Hugh', '2004-07-31 13:37:55', '2021-05-26 13:12:58', '2022-03-23 18:21:55', 'Glider feathertail');
insert into Esemplare_Animale (codice, paese_provenienza, sesso, nome, data_nascita, data_entrata, data_uscita, specie) values (4, 'Indonesia', 'f', 'Thacher', '1987-09-26 14:35:24', '2021-07-17 15:37:22', null, 'Wapiti elk');
insert into Esemplare_Animale (codice, paese_provenienza, sesso, nome, data_nascita, data_entrata, data_uscita, specie) values (4, 'Indonesia', 'f', 'Ruddy', '2013-03-21 15:33:21', '2021-11-20 11:23:43', '2022-09-27 01:52:24', 'Mynah indian');
insert into Esemplare_Animale (codice, paese_provenienza, sesso, nome, data_nascita, data_entrata, data_uscita, specie) values (4, 'China', 'f', 'Tansy', '1990-11-08 15:41:19', '2021-10-25 07:42:04', '2023-12-19 05:41:55', 'Pine siskin');
insert into Esemplare_Animale (codice, paese_provenienza, sesso, nome, data_nascita, data_entrata, data_uscita, specie) values (4, 'Poland', 'f', 'Rickard', '2009-10-02 13:48:18', '2021-04-01 01:28:25', '2022-10-19 21:14:17', 'African lynx');
insert into Esemplare_Animale (codice, paese_provenienza, sesso, nome, data_nascita, data_entrata, data_uscita, specie) values (4, 'South Korea', 'm', 'Oralie', '1974-08-26 12:18:43', '2021-06-19 22:32:33', '2022-12-18 14:19:58', 'Tenrec tailless');
insert into Esemplare_Animale (codice, paese_provenienza, sesso, nome, data_nascita, data_entrata, data_uscita, specie) values (5, 'Poland', 'm', 'Hakeem', '2012-08-13 02:15:02', '2021-10-02 00:41:40', null, 'White-fronted capuchin');
insert into Esemplare_Animale (codice, paese_provenienza, sesso, nome, data_nascita, data_entrata, data_uscita, specie) values (5, 'Peru', 'm', 'Ninon', '2000-01-03 02:16:22', '2021-07-28 05:38:46', '2022-02-13 21:56:31', 'Southern black-backed gull');
insert into Esemplare_Animale (codice, paese_provenienza, sesso, nome, data_nascita, data_entrata, data_uscita, specie) values (5, 'Russia', 'f', 'Rozina', '1978-11-25 23:16:42', '2021-07-13 18:04:05', null, 'Pygmy possum');
insert into Esemplare_Animale (codice, paese_provenienza, sesso, nome, data_nascita, data_entrata, data_uscita, specie) values (5, 'Nigeria', 'f', 'Lanny', '2004-08-01 17:01:45', '2021-10-16 17:57:00', '2023-01-06 00:00:00', 'Mynah common');
insert into Esemplare_Animale (codice, paese_provenienza, sesso, nome, data_nascita, data_entrata, data_uscita, specie) values (5, 'China', 'f', 'Lacie', '1996-08-06 22:12:20', '2021-08-30 21:14:12', '2023-03-24 17:23:43', 'Rattlesnake eastern diamondback');
insert into Esemplare_Animale (codice, paese_provenienza, sesso, nome, data_nascita, data_entrata, data_uscita, specie) values (5, 'Poland', 'm', 'Blondy', '1982-08-05 13:37:36', '2021-04-13 09:12:41', null, 'Onager');
insert into Esemplare_Animale (codice, paese_provenienza, sesso, nome, data_nascita, data_entrata, data_uscita, specie) values (5, 'Indonesia', 'm', 'Deena', '2007-03-01 03:35:11', '2021-09-05 22:36:34', '2023-03-17 05:34:03', 'Arboral spiny rat');
insert into Esemplare_Animale (codice, paese_provenienza, sesso, nome, data_nascita, data_entrata, data_uscita, specie) values (5, 'Russia', 'f', 'Nikos', '1984-04-21 09:03:12', '2021-06-18 08:18:59', '2023-02-23 18:14:52', 'Owl madagascar hawk');
insert into Esemplare_Animale (codice, paese_provenienza, sesso, nome, data_nascita, data_entrata, data_uscita, specie) values (5, 'France', 'm', 'Wanda', '2002-10-02 14:53:31', '2021-07-14 21:01:48', '2023-10-09 14:06:48', 'Great egret');
insert into Esemplare_Animale (codice, paese_provenienza, sesso, nome, data_nascita, data_entrata, data_uscita, specie) values (5, 'Philippines', 'f', 'Kiele', '1989-04-07 15:21:25', '2021-04-27 19:17:16', '2023-10-08 08:12:17', 'Western bearded dragon');
insert into Esemplare_Animale (codice, paese_provenienza, sesso, nome, data_nascita, data_entrata, data_uscita, specie) values (5, 'Tanzania', 'f', 'Nessie', '2009-10-09 06:36:08', '2021-11-22 11:12:26', '2022-09-19 10:16:51', 'Greater sage grouse');
insert into Esemplare_Animale (codice, paese_provenienza, sesso, nome, data_nascita, data_entrata, data_uscita, specie) values (5, 'Poland', 'm', 'Davon', '2011-01-21 04:03:50', '2021-07-04 08:22:36', '2023-08-17 00:10:45', 'Coot red-knobbed');
insert into Esemplare_Animale (codice, paese_provenienza, sesso, nome, data_nascita, data_entrata, data_uscita, specie) values (5, 'Indonesia', 'f', 'Franklyn', '2003-08-22 07:00:23', '2021-02-02 13:07:26', '2022-07-12 20:27:16', 'Lizard desert spiny');
insert into Esemplare_Animale (codice, paese_provenienza, sesso, nome, data_nascita, data_entrata, data_uscita, specie) values (5, 'Indonesia', 'f', 'Leonora', '1989-05-25 17:45:51', '2021-07-27 21:06:17', null, 'Dragon ornate rock');
insert into Esemplare_Animale (codice, paese_provenienza, sesso, nome, data_nascita, data_entrata, data_uscita, specie) values (5, 'Israel', 'm', 'Dolli', '1992-01-23 22:10:38', '2021-08-02 03:26:52', '2022-02-14 10:09:15', 'King cormorant');
insert into Esemplare_Animale (codice, paese_provenienza, sesso, nome, data_nascita, data_entrata, data_uscita, specie) values (5, 'France', 'm', 'Millard', '1978-01-18 07:09:20', '2021-07-11 13:33:05', '2023-10-09 03:41:29', 'American alligator');
insert into Esemplare_Animale (codice, paese_provenienza, sesso, nome, data_nascita, data_entrata, data_uscita, specie) values (5, 'Venezuela', 'f', 'Ed', '2010-03-28 11:54:18', '2021-12-30 05:46:48', '2022-12-22 12:49:06', 'Australian magpie');
insert into Esemplare_Animale (codice, paese_provenienza, sesso, nome, data_nascita, data_entrata, data_uscita, specie) values (5, 'Philippines', 'f', 'Millisent', '2014-01-12 11:01:13', '2021-12-22 08:38:56', '2023-04-09 05:34:15', 'Pale white-eye');
insert into Esemplare_Animale (codice, paese_provenienza, sesso, nome, data_nascita, data_entrata, data_uscita, specie) values (5, 'China', 'm', 'Kendre', '1992-08-11 22:59:12', '2021-05-06 18:37:53', '2022-06-08 21:07:27', 'Brazilian tapir');
insert into Esemplare_Animale (codice, paese_provenienza, sesso, nome, data_nascita, data_entrata, data_uscita, specie) values (5, 'Philippines', 'f', 'Maura', '2012-08-29 05:02:15', '2021-08-19 17:03:18', '2023-12-02 12:39:11', 'Kelp gull');
insert into Esemplare_Animale (codice, paese_provenienza, sesso, nome, data_nascita, data_entrata, data_uscita, specie) values (5, 'China', 'f', 'Holmes', '1993-02-17 11:28:19', '2021-10-15 21:23:08', '2023-01-31 17:39:20', 'African buffalo');
insert into Esemplare_Animale (codice, paese_provenienza, sesso, nome, data_nascita, data_entrata, data_uscita, specie) values (5, 'Indonesia', 'f', 'Genvieve', '2009-08-19 20:07:55', '2021-03-15 08:25:09', '2022-08-01 18:46:44', 'Badger american');
insert into Esemplare_Animale (codice, paese_provenienza, sesso, nome, data_nascita, data_entrata, data_uscita, specie) values (5, 'Honduras', 'm', 'Dore', '1993-07-17 19:00:45', '2021-12-07 05:16:39', null, 'Flicker campo');
insert into Esemplare_Animale (codice, paese_provenienza, sesso, nome, data_nascita, data_entrata, data_uscita, specie) values (5, 'China', 'f', 'Dalila', '1979-12-12 00:25:04', '2021-06-12 04:01:39', null, 'Snake unidentified');
insert into Esemplare_Animale (codice, paese_provenienza, sesso, nome, data_nascita, data_entrata, data_uscita, specie) values (5, 'China', 'f', 'Isahella', '2014-03-03 10:15:39', '2021-11-09 16:06:23', null, 'Goldeneye common');
insert into Esemplare_Animale (codice, paese_provenienza, sesso, nome, data_nascita, data_entrata, data_uscita, specie) values (5, 'Ukraine', 'f', 'Drew', '1973-04-13 22:07:56', '2021-12-05 23:24:36', '2022-01-20 21:51:14', 'Snowy owl');
insert into Esemplare_Animale (codice, paese_provenienza, sesso, nome, data_nascita, data_entrata, data_uscita, specie) values (5, 'China', 'm', 'Victoria', '2020-04-28 07:23:28', '2021-06-14 06:58:41', '2023-12-23 21:38:36', 'Screamer southern');
insert into Esemplare_Animale (codice, paese_provenienza, sesso, nome, data_nascita, data_entrata, data_uscita, specie) values (5, 'China', 'm', 'Emelda', '1977-04-22 02:41:33', '2021-04-13 13:35:06', null, 'Constrictor eastern boa');
insert into Esemplare_Animale (codice, paese_provenienza, sesso, nome, data_nascita, data_entrata, data_uscita, specie) values (5, 'Ukraine', 'f', 'Karlis', '1984-01-05 06:03:50', '2021-06-17 19:37:28', '2022-03-16 22:03:16', 'Roadrunner greater');
insert into Esemplare_Animale (codice, paese_provenienza, sesso, nome, data_nascita, data_entrata, data_uscita, specie) values (5, 'Philippines', 'f', 'Hazel', '1986-11-15 09:39:09', '2021-08-20 03:17:52', '2023-08-04 03:12:38', 'Andean goose');
insert into Esemplare_Animale (codice, paese_provenienza, sesso, nome, data_nascita, data_entrata, data_uscita, specie) values (5, 'Tunisia', 'm', 'Hilary', '1973-06-27 17:41:55', '2021-04-15 01:08:56', '2023-10-14 10:00:47', 'Radiated tortoise');
insert into Esemplare_Animale (codice, paese_provenienza, sesso, nome, data_nascita, data_entrata, data_uscita, specie) values (5, 'South Korea', 'm', 'Nelli', '2009-04-22 11:31:02', '2021-07-14 15:56:25', '2023-09-01 01:31:27', 'Two-toed sloth');
insert into Esemplare_Animale (codice, paese_provenienza, sesso, nome, data_nascita, data_entrata, data_uscita, specie) values (5, 'Japan', 'f', 'Hester', '2005-05-14 19:10:40', '2021-01-14 13:04:22', '2022-09-06 18:27:31', 'Python carpet');
insert into Esemplare_Animale (codice, paese_provenienza, sesso, nome, data_nascita, data_entrata, data_uscita, specie) values (5, 'Canada', 'f', 'Walsh', '1998-10-05 16:53:40', '2021-10-30 18:12:08', '2022-09-19 21:33:43', 'Cat long-tailed spotted');
insert into Esemplare_Animale (codice, paese_provenienza, sesso, nome, data_nascita, data_entrata, data_uscita, specie) values (5, 'Panama', 'f', 'Jerry', '1972-04-22 17:37:33', '2021-12-16 00:56:08', '2023-11-03 06:54:58', 'Rattlesnake horned');
insert into Esemplare_Animale (codice, paese_provenienza, sesso, nome, data_nascita, data_entrata, data_uscita, specie) values (5, 'Albania', 'm', 'Antonina', '2004-04-24 01:10:36', '2021-03-07 00:44:05', '2022-11-19 05:55:32', 'Mockingbird galapagos');
insert into Esemplare_Animale (codice, paese_provenienza, sesso, nome, data_nascita, data_entrata, data_uscita, specie) values (5, 'China', 'f', 'Margret', '1991-12-20 22:43:48', '2021-05-12 22:28:08', '2023-07-15 21:20:37', 'Buttermilk snake');
insert into Esemplare_Animale (codice, paese_provenienza, sesso, nome, data_nascita, data_entrata, data_uscita, specie) values (5, 'China', 'm', 'Nixie', '1985-07-24 08:14:21', '2021-03-13 03:32:01', '2023-01-06 00:00:00', 'Red-cheeked cordon bleu');
insert into Esemplare_Animale (codice, paese_provenienza, sesso, nome, data_nascita, data_entrata, data_uscita, specie) values (5, 'Philippines', 'm', 'Edvard', '2001-07-13 01:15:34', '2021-03-03 13:49:39', '2022-09-05 05:21:07', 'Bird pied butcher');
insert into Esemplare_Animale (codice, paese_provenienza, sesso, nome, data_nascita, data_entrata, data_uscita, specie) values (5, 'Russia', 'f', 'Naoma', '1990-08-05 23:19:49', '2021-12-25 23:35:15', '2023-01-06 00:00:00', 'Anteater giant');
insert into Esemplare_Animale (codice, paese_provenienza, sesso, nome, data_nascita, data_entrata, data_uscita, specie) values (5, 'Luxembourg', 'f', 'Adriane', '1979-07-30 11:41:31', '2021-05-08 01:32:05', '2023-07-16 12:36:09', 'Goose greylag');
insert into Esemplare_Animale (codice, paese_provenienza, sesso, nome, data_nascita, data_entrata, data_uscita, specie) values (5, 'Thailand', 'f', 'Teresa', '1976-07-30 21:10:56', '2021-12-09 00:01:32', '2022-11-07 03:38:16', 'Kangaroo western grey');
insert into Esemplare_Animale (codice, paese_provenienza, sesso, nome, data_nascita, data_entrata, data_uscita, specie) values (5, 'Thailand', 'm', 'Marci', '1993-11-05 17:32:50', '2021-07-11 14:13:24', null, 'Racer snake');
insert into Esemplare_Animale (codice, paese_provenienza, sesso, nome, data_nascita, data_entrata, data_uscita, specie) values (5, 'Syria', 'f', 'Adelind', '1987-11-21 00:16:26', '2021-04-27 18:10:00', '2023-10-29 03:41:11', 'Worm snake unidentified');
insert into Esemplare_Animale (codice, paese_provenienza, sesso, nome, data_nascita, data_entrata, data_uscita, specie) values (5, 'Japan', 'f', 'Jeddy', '2005-12-01 03:06:41', '2021-09-19 16:56:06', '2023-04-25 03:59:32', 'Glider feathertail');
insert into Esemplare_Animale (codice, paese_provenienza, sesso, nome, data_nascita, data_entrata, data_uscita, specie) values (5, 'Brazil', 'm', 'Annadiana', '1991-06-01 10:06:32', '2021-06-21 07:21:43', '2023-07-28 03:55:23', 'Wapiti elk');
insert into Esemplare_Animale (codice, paese_provenienza, sesso, nome, data_nascita, data_entrata, data_uscita, specie) values (5, 'Pakistan', 'f', 'Luciano', '1973-08-26 01:10:10', '2021-12-15 18:49:12', '2022-04-15 02:21:45', 'Mynah indian');
insert into Esemplare_Animale (codice, paese_provenienza, sesso, nome, data_nascita, data_entrata, data_uscita, specie) values (5, 'Tunisia', 'm', 'Nissy', '2011-09-08 12:34:23', '2021-03-03 14:40:39', null, 'Pine siskin');
insert into Esemplare_Animale (codice, paese_provenienza, sesso, nome, data_nascita, data_entrata, data_uscita, specie) values (5, 'Indonesia', 'f', 'Cirilo', '2016-12-30 19:57:50', '2021-03-05 03:37:24', '2022-05-21 01:57:24', 'African lynx');
insert into Esemplare_Animale (codice, paese_provenienza, sesso, nome, data_nascita, data_entrata, data_uscita, specie) values (5, 'China', 'm', 'Marylynne', '1997-08-10 18:46:38', '2021-09-09 22:48:28', '2023-07-27 19:47:13', 'Tenrec tailless');
insert into Esemplare_Animale (codice, paese_provenienza, sesso, nome, data_nascita, data_entrata, data_uscita, specie) values (6, 'Cameroon', 'f', 'Maddie', '1977-08-14 16:25:35', '2021-12-07 08:15:22', '2023-06-08 17:28:01', 'White-fronted capuchin');
insert into Esemplare_Animale (codice, paese_provenienza, sesso, nome, data_nascita, data_entrata, data_uscita, specie) values (6, 'Poland', 'm', 'Catherine', '1997-01-28 19:43:50', '2021-12-03 09:31:08', '2023-10-15 07:34:58', 'Southern black-backed gull');
insert into Esemplare_Animale (codice, paese_provenienza, sesso, nome, data_nascita, data_entrata, data_uscita, specie) values (6, 'Peru', 'f', 'Leyla', '2009-01-19 05:02:13', '2021-11-09 10:44:52', '2022-03-21 04:12:26', 'Pygmy possum');
insert into Esemplare_Animale (codice, paese_provenienza, sesso, nome, data_nascita, data_entrata, data_uscita, specie) values (6, 'Gambia', 'm', 'Fritz', '1991-08-12 17:51:48', '2021-06-30 00:37:44', '2023-03-06 22:03:46', 'Mynah common');
insert into Esemplare_Animale (codice, paese_provenienza, sesso, nome, data_nascita, data_entrata, data_uscita, specie) values (6, 'Malaysia', 'f', 'Ferdinanda', '2005-03-24 07:57:27', '2021-05-26 22:25:14', null, 'Rattlesnake eastern diamondback');
insert into Esemplare_Animale (codice, paese_provenienza, sesso, nome, data_nascita, data_entrata, data_uscita, specie) values (6, 'China', 'm', 'Walther', '1997-01-29 09:41:24', '2021-11-22 17:07:44', '2023-10-15 19:01:36', 'Onager');
insert into Esemplare_Animale (codice, paese_provenienza, sesso, nome, data_nascita, data_entrata, data_uscita, specie) values (6, 'Poland', 'm', 'Robinia', '2018-06-13 23:20:25', '2021-05-23 09:47:40', '2023-02-06 20:20:19', 'Arboral spiny rat');
insert into Esemplare_Animale (codice, paese_provenienza, sesso, nome, data_nascita, data_entrata, data_uscita, specie) values (6, 'China', 'f', 'Susette', '1999-09-30 20:02:56', '2021-01-23 15:56:28', '2023-12-02 16:28:49', 'Owl madagascar hawk');
insert into Esemplare_Animale (codice, paese_provenienza, sesso, nome, data_nascita, data_entrata, data_uscita, specie) values (6, 'China', 'm', 'Alphonse', '1985-01-10 04:27:10', '2021-10-24 04:42:27', '2022-02-05 05:30:18', 'Great egret');
insert into Esemplare_Animale (codice, paese_provenienza, sesso, nome, data_nascita, data_entrata, data_uscita, specie) values (6, 'China', 'm', 'Torrey', '1995-08-15 16:22:07', '2021-04-08 03:32:24', '2023-04-18 22:14:51', 'Western bearded dragon');
insert into Esemplare_Animale (codice, paese_provenienza, sesso, nome, data_nascita, data_entrata, data_uscita, specie) values (6, 'China', 'm', 'Jecho', '1980-07-20 20:26:41', '2021-02-27 17:41:02', null, 'Greater sage grouse');
insert into Esemplare_Animale (codice, paese_provenienza, sesso, nome, data_nascita, data_entrata, data_uscita, specie) values (6, 'China', 'f', 'Rheta', '2011-11-06 08:11:55', '2021-03-29 12:51:16', '2022-03-12 11:16:34', 'Coot red-knobbed');
insert into Esemplare_Animale (codice, paese_provenienza, sesso, nome, data_nascita, data_entrata, data_uscita, specie) values (6, 'Nepal', 'm', 'Mireille', '1983-01-10 19:20:01', '2021-11-15 11:11:39', '2023-05-05 21:56:50', 'Lizard desert spiny');
insert into Esemplare_Animale (codice, paese_provenienza, sesso, nome, data_nascita, data_entrata, data_uscita, specie) values (6, 'China', 'm', 'Tasia', '1975-08-22 01:15:47', '2021-08-11 04:15:31', '2023-12-30 21:31:40', 'Dragon ornate rock');
insert into Esemplare_Animale (codice, paese_provenienza, sesso, nome, data_nascita, data_entrata, data_uscita, specie) values (6, 'Nicaragua', 'm', 'Lyn', '1986-12-01 16:17:27', '2021-12-04 06:47:37', '2023-10-27 18:04:48', 'King cormorant');
insert into Esemplare_Animale (codice, paese_provenienza, sesso, nome, data_nascita, data_entrata, data_uscita, specie) values (6, 'Brazil', 'f', 'Angel', '2016-04-13 12:11:18', '2021-03-20 16:39:51', '2023-12-14 10:30:35', 'American alligator');
insert into Esemplare_Animale (codice, paese_provenienza, sesso, nome, data_nascita, data_entrata, data_uscita, specie) values (6, 'Peru', 'm', 'Sanders', '2016-12-13 03:21:47', '2021-03-10 01:00:46', '2022-07-06 14:09:51', 'Australian magpie');
insert into Esemplare_Animale (codice, paese_provenienza, sesso, nome, data_nascita, data_entrata, data_uscita, specie) values (6, 'Indonesia', 'm', 'Mignonne', '2010-07-31 10:03:15', '2021-12-15 14:30:48', null, 'Pale white-eye');
insert into Esemplare_Animale (codice, paese_provenienza, sesso, nome, data_nascita, data_entrata, data_uscita, specie) values (6, 'Greece', 'f', 'Tom', '1998-06-12 14:58:10', '2021-10-27 06:11:22', '2022-04-26 10:18:47', 'Brazilian tapir');
insert into Esemplare_Animale (codice, paese_provenienza, sesso, nome, data_nascita, data_entrata, data_uscita, specie) values (6, 'Belarus', 'f', 'Shannon', '2007-10-27 23:26:34', '2021-07-03 13:13:02', null, 'Kelp gull');
insert into Esemplare_Animale (codice, paese_provenienza, sesso, nome, data_nascita, data_entrata, data_uscita, specie) values (6, 'Brazil', 'f', 'Doyle', '2012-04-22 06:41:02', '2021-07-10 16:34:49', '2023-12-15 13:04:36', 'African buffalo');
insert into Esemplare_Animale (codice, paese_provenienza, sesso, nome, data_nascita, data_entrata, data_uscita, specie) values (6, 'Bangladesh', 'f', 'Carolin', '1977-01-27 06:08:12', '2021-07-03 05:33:02', '2023-02-04 01:28:12', 'Badger american');
insert into Esemplare_Animale (codice, paese_provenienza, sesso, nome, data_nascita, data_entrata, data_uscita, specie) values (6, 'Tajikistan', 'm', 'Roxy', '2012-04-05 16:25:51', '2021-02-22 03:30:21', '2023-02-08 15:44:07', 'Flicker campo');
insert into Esemplare_Animale (codice, paese_provenienza, sesso, nome, data_nascita, data_entrata, data_uscita, specie) values (6, 'Azerbaijan', 'f', 'Gay', '1985-05-12 00:38:00', '2021-06-25 09:27:27', '2022-08-03 03:33:09', 'Snake unidentified');
insert into Esemplare_Animale (codice, paese_provenienza, sesso, nome, data_nascita, data_entrata, data_uscita, specie) values (6, 'Vietnam', 'm', 'Montague', '2020-11-23 21:29:54', '2021-01-17 00:56:16', '2023-02-28 06:12:01', 'Goldeneye common');
insert into Esemplare_Animale (codice, paese_provenienza, sesso, nome, data_nascita, data_entrata, data_uscita, specie) values (6, 'Czech Republic', 'f', 'Aggy', '1984-12-22 03:42:59', '2021-06-02 10:18:12', '2022-07-20 15:30:55', 'Snowy owl');
insert into Esemplare_Animale (codice, paese_provenienza, sesso, nome, data_nascita, data_entrata, data_uscita, specie) values (6, 'Brazil', 'f', 'Batholomew', '2008-05-05 11:09:55', '2021-02-26 06:28:06', '2022-10-04 02:50:35', 'Screamer southern');
insert into Esemplare_Animale (codice, paese_provenienza, sesso, nome, data_nascita, data_entrata, data_uscita, specie) values (6, 'Russia', 'm', 'Jorie', '1990-03-20 00:17:40', '2021-01-20 17:54:07', '2022-03-08 10:17:44', 'Constrictor eastern boa');
insert into Esemplare_Animale (codice, paese_provenienza, sesso, nome, data_nascita, data_entrata, data_uscita, specie) values (6, 'Poland', 'm', 'Frasier', '1978-11-07 14:17:09', '2021-11-10 02:05:32', null, 'Roadrunner greater');
insert into Esemplare_Animale (codice, paese_provenienza, sesso, nome, data_nascita, data_entrata, data_uscita, specie) values (6, 'China', 'f', 'Nina', '1978-04-22 00:44:43', '2021-06-01 00:02:56', '2023-12-04 09:55:02', 'Andean goose');
insert into Esemplare_Animale (codice, paese_provenienza, sesso, nome, data_nascita, data_entrata, data_uscita, specie) values (6, 'Ecuador', 'm', 'Sloane', '1982-06-17 13:34:58', '2021-07-20 12:16:45', '2022-10-26 01:10:19', 'Radiated tortoise');
insert into Esemplare_Animale (codice, paese_provenienza, sesso, nome, data_nascita, data_entrata, data_uscita, specie) values (6, 'Poland', 'f', 'Jamison', '1988-11-19 07:39:59', '2021-10-09 19:43:36', '2023-10-15 19:49:34', 'Two-toed sloth');
insert into Esemplare_Animale (codice, paese_provenienza, sesso, nome, data_nascita, data_entrata, data_uscita, specie) values (6, 'Honduras', 'f', 'Florette', '2014-03-28 14:06:36', '2021-01-13 08:31:34', null, 'Python carpet');
insert into Esemplare_Animale (codice, paese_provenienza, sesso, nome, data_nascita, data_entrata, data_uscita, specie) values (6, 'Philippines', 'f', 'Sammy', '2020-06-26 08:42:15', '2021-11-15 06:46:44', '2023-08-03 19:44:31', 'Cat long-tailed spotted');
insert into Esemplare_Animale (codice, paese_provenienza, sesso, nome, data_nascita, data_entrata, data_uscita, specie) values (6, 'Czech Republic', 'f', 'Adoree', '1996-01-03 21:42:13', '2021-06-02 21:11:46', '2023-01-06 00:00:00', 'Rattlesnake horned');
insert into Esemplare_Animale (codice, paese_provenienza, sesso, nome, data_nascita, data_entrata, data_uscita, specie) values (6, 'United States', 'm', 'Maegan', '1985-12-07 11:13:32', '2021-05-17 20:18:08', '2023-03-18 10:01:04', 'Mockingbird galapagos');
insert into Esemplare_Animale (codice, paese_provenienza, sesso, nome, data_nascita, data_entrata, data_uscita, specie) values (6, 'Sweden', 'm', 'Torrey', '1975-05-25 23:33:35', '2021-12-22 22:56:09', '2022-08-28 17:05:55', 'Buttermilk snake');
insert into Esemplare_Animale (codice, paese_provenienza, sesso, nome, data_nascita, data_entrata, data_uscita, specie) values (6, 'Indonesia', 'f', 'Northrop', '2008-10-25 10:24:28', '2021-01-11 23:41:01', '2022-05-18 10:01:54', 'Red-cheeked cordon bleu');
insert into Esemplare_Animale (codice, paese_provenienza, sesso, nome, data_nascita, data_entrata, data_uscita, specie) values (6, 'Croatia', 'f', 'Brenna', '1992-11-05 10:42:11', '2021-08-01 02:51:59', '2022-04-06 19:15:34', 'Bird pied butcher');
insert into Esemplare_Animale (codice, paese_provenienza, sesso, nome, data_nascita, data_entrata, data_uscita, specie) values (6, 'North Korea', 'm', 'Cameron', '1985-11-02 04:01:17', '2021-10-25 01:58:19', '2023-07-15 03:00:38', 'Anteater giant');
insert into Esemplare_Animale (codice, paese_provenienza, sesso, nome, data_nascita, data_entrata, data_uscita, specie) values (6, 'Philippines', 'm', 'Keenan', '1984-08-27 21:51:54', '2021-11-22 02:57:55', null, 'Goose greylag');
insert into Esemplare_Animale (codice, paese_provenienza, sesso, nome, data_nascita, data_entrata, data_uscita, specie) values (6, 'Costa Rica', 'f', 'Arda', '1989-07-23 00:15:11', '2021-04-10 07:22:47', '2023-06-03 22:40:31', 'Kangaroo western grey');
insert into Esemplare_Animale (codice, paese_provenienza, sesso, nome, data_nascita, data_entrata, data_uscita, specie) values (6, 'Saudi Arabia', 'f', 'Jackie', '1982-07-21 04:14:39', '2021-08-04 23:09:48', '2022-08-04 23:34:47', 'Racer snake');
insert into Esemplare_Animale (codice, paese_provenienza, sesso, nome, data_nascita, data_entrata, data_uscita, specie) values (6, 'Russia', 'f', 'Devonne', '2000-07-25 22:31:32', '2021-11-13 04:32:45', '2022-09-11 20:42:08', 'Worm snake unidentified');
insert into Esemplare_Animale (codice, paese_provenienza, sesso, nome, data_nascita, data_entrata, data_uscita, specie) values (6, 'Poland', 'f', 'Montague', '2002-03-07 12:45:59', '2021-07-23 20:00:47', '2022-06-07 17:19:12', 'Glider feathertail');
insert into Esemplare_Animale (codice, paese_provenienza, sesso, nome, data_nascita, data_entrata, data_uscita, specie) values (6, 'Libya', 'm', 'Tally', '2004-07-24 16:15:25', '2021-04-23 06:46:35', '2023-11-15 10:18:12', 'Wapiti elk');
insert into Esemplare_Animale (codice, paese_provenienza, sesso, nome, data_nascita, data_entrata, data_uscita, specie) values (6, 'Lithuania', 'm', 'Aileen', '1986-05-24 15:08:07', '2021-12-07 03:43:40', '2023-05-16 17:38:29', 'Mynah indian');
insert into Esemplare_Animale (codice, paese_provenienza, sesso, nome, data_nascita, data_entrata, data_uscita, specie) values (6, 'Poland', 'm', 'Shaina', '1981-06-19 23:13:00', '2021-03-10 09:24:50', '2022-07-01 12:01:09', 'Pine siskin');
insert into Esemplare_Animale (codice, paese_provenienza, sesso, nome, data_nascita, data_entrata, data_uscita, specie) values (6, 'Brazil', 'f', 'Flossie', '1992-06-06 11:50:38', '2021-09-21 20:20:33', null, 'African lynx');
insert into Esemplare_Animale (codice, paese_provenienza, sesso, nome, data_nascita, data_entrata, data_uscita, specie) values (6, 'Indonesia', 'f', 'Hilary', '1982-04-07 10:49:22', '2021-06-02 04:16:24', '2023-10-19 02:25:46', 'Tenrec tailless');
insert into Esemplare_Animale (codice, paese_provenienza, sesso, nome, data_nascita, data_entrata, data_uscita, specie) values (7, 'Ethiopia', 'm', 'Harland', '1974-05-26 14:34:52', '2021-12-23 01:39:01', null, 'White-fronted capuchin');
insert into Esemplare_Animale (codice, paese_provenienza, sesso, nome, data_nascita, data_entrata, data_uscita, specie) values (7, 'China', 'm', 'Howard', '1973-12-29 04:39:49', '2021-02-05 21:29:55', '2022-04-24 12:08:29', 'Southern black-backed gull');
insert into Esemplare_Animale (codice, paese_provenienza, sesso, nome, data_nascita, data_entrata, data_uscita, specie) values (7, 'Zimbabwe', 'f', 'Archer', '1993-06-27 01:41:27', '2021-08-16 00:21:04', '2022-12-05 16:06:28', 'Pygmy possum');
insert into Esemplare_Animale (codice, paese_provenienza, sesso, nome, data_nascita, data_entrata, data_uscita, specie) values (7, 'Indonesia', 'f', 'Cross', '2000-09-20 10:56:15', '2021-07-23 02:00:51', '2023-01-16 15:27:24', 'Mynah common');
insert into Esemplare_Animale (codice, paese_provenienza, sesso, nome, data_nascita, data_entrata, data_uscita, specie) values (7, 'Colombia', 'f', 'Fredericka', '2011-05-27 10:16:38', '2021-10-20 23:43:48', '2022-10-28 15:15:25', 'Rattlesnake eastern diamondback');
insert into Esemplare_Animale (codice, paese_provenienza, sesso, nome, data_nascita, data_entrata, data_uscita, specie) values (7, 'Poland', 'm', 'Raoul', '2002-05-26 09:14:46', '2021-09-24 13:38:34', null, 'Onager');
insert into Esemplare_Animale (codice, paese_provenienza, sesso, nome, data_nascita, data_entrata, data_uscita, specie) values (7, 'Sweden', 'm', 'Cherlyn', '2000-07-12 07:42:20', '2021-05-11 05:58:14', '2023-07-24 17:57:16', 'Arboral spiny rat');
insert into Esemplare_Animale (codice, paese_provenienza, sesso, nome, data_nascita, data_entrata, data_uscita, specie) values (7, 'China', 'm', 'Blair', '1994-12-20 10:07:11', '2021-04-01 12:55:52', '2023-05-05 23:14:10', 'Owl madagascar hawk');
insert into Esemplare_Animale (codice, paese_provenienza, sesso, nome, data_nascita, data_entrata, data_uscita, specie) values (7, 'China', 'm', 'Natassia', '1972-12-31 04:27:40', '2021-10-06 01:02:24', '2022-12-02 14:51:15', 'Great egret');
insert into Esemplare_Animale (codice, paese_provenienza, sesso, nome, data_nascita, data_entrata, data_uscita, specie) values (7, 'Thailand', 'f', 'Nicol', '2019-10-19 07:26:19', '2021-07-31 14:00:27', '2023-02-18 17:41:05', 'Western bearded dragon');
insert into Esemplare_Animale (codice, paese_provenienza, sesso, nome, data_nascita, data_entrata, data_uscita, specie) values (7, 'China', 'm', 'Tamiko', '1997-04-08 10:56:48', '2021-03-23 11:56:36', '2022-03-21 18:42:57', 'Greater sage grouse');
insert into Esemplare_Animale (codice, paese_provenienza, sesso, nome, data_nascita, data_entrata, data_uscita, specie) values (7, 'China', 'm', 'Hy', '1982-05-02 00:43:33', '2021-12-17 18:21:08', '2022-07-09 12:18:31', 'Coot red-knobbed');
insert into Esemplare_Animale (codice, paese_provenienza, sesso, nome, data_nascita, data_entrata, data_uscita, specie) values (7, 'Russia', 'f', 'Philipa', '1983-08-10 18:35:11', '2021-04-25 04:13:29', '2022-05-14 19:21:08', 'Lizard desert spiny');
insert into Esemplare_Animale (codice, paese_provenienza, sesso, nome, data_nascita, data_entrata, data_uscita, specie) values (7, 'Philippines', 'm', 'Fanni', '1999-05-30 18:40:38', '2021-04-06 17:58:11', '2023-06-28 00:13:27', 'Dragon ornate rock');
insert into Esemplare_Animale (codice, paese_provenienza, sesso, nome, data_nascita, data_entrata, data_uscita, specie) values (7, 'Liechtenstein', 'm', 'Berke', '2012-12-26 14:34:42', '2021-09-07 09:11:44', '2023-05-25 01:27:36', 'King cormorant');
insert into Esemplare_Animale (codice, paese_provenienza, sesso, nome, data_nascita, data_entrata, data_uscita, specie) values (7, 'Bolivia', 'm', 'Anthiathia', '1997-06-25 14:34:06', '2021-03-27 01:16:46', null, 'American alligator');
insert into Esemplare_Animale (codice, paese_provenienza, sesso, nome, data_nascita, data_entrata, data_uscita, specie) values (7, 'Thailand', 'm', 'Ethe', '1996-03-15 22:43:08', '2021-04-26 19:59:03', '2022-11-19 08:54:19', 'Australian magpie');
insert into Esemplare_Animale (codice, paese_provenienza, sesso, nome, data_nascita, data_entrata, data_uscita, specie) values (7, 'Indonesia', 'm', 'Patin', '2004-11-16 02:34:40', '2021-12-18 04:49:56', '2023-04-06 00:03:10', 'Pale white-eye');
insert into Esemplare_Animale (codice, paese_provenienza, sesso, nome, data_nascita, data_entrata, data_uscita, specie) values (7, 'Iran', 'm', 'Leta', '1981-01-12 13:39:28', '2021-08-26 11:38:01', '2022-04-24 22:02:44', 'Brazilian tapir');
insert into Esemplare_Animale (codice, paese_provenienza, sesso, nome, data_nascita, data_entrata, data_uscita, specie) values (7, 'China', 'm', 'Melinda', '1978-05-24 21:12:42', '2021-12-27 08:42:34', '2022-05-17 19:58:53', 'Kelp gull');
insert into Esemplare_Animale (codice, paese_provenienza, sesso, nome, data_nascita, data_entrata, data_uscita, specie) values (7, 'China', 'f', 'Sidoney', '1990-02-20 04:04:47', '2021-08-11 18:17:39', '2023-01-07 01:18:49', 'African buffalo');
insert into Esemplare_Animale (codice, paese_provenienza, sesso, nome, data_nascita, data_entrata, data_uscita, specie) values (7, 'Indonesia', 'f', 'Tove', '2008-03-20 07:45:24', '2021-10-12 07:38:50', '2022-04-22 23:58:07', 'Badger american');
insert into Esemplare_Animale (codice, paese_provenienza, sesso, nome, data_nascita, data_entrata, data_uscita, specie) values (7, 'Russia', 'f', 'Amil', '1993-09-30 14:14:45', '2021-07-14 23:36:54', '2023-04-27 17:35:33', 'Flicker campo');
insert into Esemplare_Animale (codice, paese_provenienza, sesso, nome, data_nascita, data_entrata, data_uscita, specie) values (7, 'Nigeria', 'f', 'Jessamyn', '2011-09-14 07:44:05', '2021-03-04 09:50:46', '2023-03-05 09:56:55', 'Snake unidentified');
insert into Esemplare_Animale (codice, paese_provenienza, sesso, nome, data_nascita, data_entrata, data_uscita, specie) values (7, 'Mexico', 'f', 'Cletus', '2001-04-15 15:22:21', '2021-07-15 01:50:29', null, 'Goldeneye common');
insert into Esemplare_Animale (codice, paese_provenienza, sesso, nome, data_nascita, data_entrata, data_uscita, specie) values (7, 'Poland', 'f', 'Brittney', '2016-08-16 13:28:53', '2021-04-16 05:19:48', '2022-12-19 04:07:04', 'Snowy owl');
insert into Esemplare_Animale (codice, paese_provenienza, sesso, nome, data_nascita, data_entrata, data_uscita, specie) values (7, 'Philippines', 'f', 'Tine', '1973-02-08 22:00:08', '2021-12-26 01:05:27', null, 'Screamer southern');
insert into Esemplare_Animale (codice, paese_provenienza, sesso, nome, data_nascita, data_entrata, data_uscita, specie) values (7, 'Canada', 'm', 'Eleen', '1998-01-30 09:57:42', '2021-12-23 18:26:37', '2023-05-31 09:00:49', 'Constrictor eastern boa');
insert into Esemplare_Animale (codice, paese_provenienza, sesso, nome, data_nascita, data_entrata, data_uscita, specie) values (7, 'Philippines', 'm', 'Jacquenette', '1993-04-29 06:42:18', '2021-06-07 21:44:19', '2023-08-08 01:35:55', 'Roadrunner greater');
insert into Esemplare_Animale (codice, paese_provenienza, sesso, nome, data_nascita, data_entrata, data_uscita, specie) values (7, 'China', 'f', 'Leonore', '1988-01-04 17:30:34', '2021-01-02 23:19:13', '2023-07-05 20:27:16', 'Andean goose');
insert into Esemplare_Animale (codice, paese_provenienza, sesso, nome, data_nascita, data_entrata, data_uscita, specie) values (7, 'Philippines', 'm', 'Cullan', '1987-11-05 12:46:16', '2021-06-29 23:15:08', '2023-06-13 20:39:27', 'Radiated tortoise');
insert into Esemplare_Animale (codice, paese_provenienza, sesso, nome, data_nascita, data_entrata, data_uscita, specie) values (7, 'China', 'm', 'Gayelord', '1994-08-11 15:38:45', '2021-07-25 13:57:53', '2023-04-15 20:05:34', 'Two-toed sloth');
insert into Esemplare_Animale (codice, paese_provenienza, sesso, nome, data_nascita, data_entrata, data_uscita, specie) values (7, 'Russia', 'f', 'Devora', '2008-10-29 11:05:44', '2021-08-18 03:03:33', '2022-11-10 12:17:59', 'Python carpet');
insert into Esemplare_Animale (codice, paese_provenienza, sesso, nome, data_nascita, data_entrata, data_uscita, specie) values (7, 'China', 'f', 'Seana', '1979-02-09 16:16:55', '2021-11-08 23:05:32', '2023-08-23 17:43:48', 'Cat long-tailed spotted');
insert into Esemplare_Animale (codice, paese_provenienza, sesso, nome, data_nascita, data_entrata, data_uscita, specie) values (7, 'Indonesia', 'm', 'Anabelle', '1986-10-24 05:54:00', '2021-02-24 08:40:40', '2023-01-02 18:03:46', 'Rattlesnake horned');
insert into Esemplare_Animale (codice, paese_provenienza, sesso, nome, data_nascita, data_entrata, data_uscita, specie) values (7, 'Indonesia', 'f', 'Cori', '2006-10-23 04:10:59', '2021-02-06 18:45:08', '2023-09-05 00:17:12', 'Mockingbird galapagos');
insert into Esemplare_Animale (codice, paese_provenienza, sesso, nome, data_nascita, data_entrata, data_uscita, specie) values (7, 'Ethiopia', 'f', 'Enrique', '1975-02-15 15:41:12', '2021-09-14 11:12:38', '2023-03-31 03:52:57', 'Buttermilk snake');
insert into Esemplare_Animale (codice, paese_provenienza, sesso, nome, data_nascita, data_entrata, data_uscita, specie) values (7, 'Philippines', 'f', 'Vitoria', '1995-04-12 15:38:01', '2021-02-11 09:29:13', '2022-03-02 06:56:03', 'Red-cheeked cordon bleu');
insert into Esemplare_Animale (codice, paese_provenienza, sesso, nome, data_nascita, data_entrata, data_uscita, specie) values (7, 'Philippines', 'f', 'Marcia', '2014-01-16 08:57:29', '2021-12-06 18:15:39', '2022-10-12 14:41:15', 'Bird pied butcher');
insert into Esemplare_Animale (codice, paese_provenienza, sesso, nome, data_nascita, data_entrata, data_uscita, specie) values (7, 'Canada', 'f', 'Lindy', '1982-08-23 06:42:49', '2021-03-02 15:03:00', '2023-02-20 17:40:46', 'Anteater giant');
insert into Esemplare_Animale (codice, paese_provenienza, sesso, nome, data_nascita, data_entrata, data_uscita, specie) values (7, 'Mauritius', 'f', 'Darb', '2017-06-13 19:43:12', '2021-09-14 15:13:16', '2023-03-04 22:04:31', 'Goose greylag');
insert into Esemplare_Animale (codice, paese_provenienza, sesso, nome, data_nascita, data_entrata, data_uscita, specie) values (7, 'Peru', 'f', 'Xena', '2015-09-14 00:08:39', '2021-01-02 08:19:47', null, 'Kangaroo western grey');
insert into Esemplare_Animale (codice, paese_provenienza, sesso, nome, data_nascita, data_entrata, data_uscita, specie) values (7, 'Peru', 'm', 'Daile', '2003-07-13 05:28:19', '2021-07-02 05:10:37', '2022-06-13 05:45:28', 'Racer snake');
insert into Esemplare_Animale (codice, paese_provenienza, sesso, nome, data_nascita, data_entrata, data_uscita, specie) values (7, 'Iran', 'm', 'Athena', '2008-08-18 07:19:03', '2021-08-31 06:47:55', '2022-05-23 09:25:34', 'Worm snake unidentified');
insert into Esemplare_Animale (codice, paese_provenienza, sesso, nome, data_nascita, data_entrata, data_uscita, specie) values (7, 'Indonesia', 'm', 'Aubry', '2009-12-26 23:17:04', '2021-01-02 00:50:43', '2022-06-23 12:51:40', 'Glider feathertail');
insert into Esemplare_Animale (codice, paese_provenienza, sesso, nome, data_nascita, data_entrata, data_uscita, specie) values (7, 'China', 'm', 'Laurie', '1994-08-15 15:11:25', '2021-08-06 16:02:05', '2023-03-19 05:57:20', 'Wapiti elk');
insert into Esemplare_Animale (codice, paese_provenienza, sesso, nome, data_nascita, data_entrata, data_uscita, specie) values (7, 'Thailand', 'f', 'Sven', '2001-05-13 18:58:30', '2021-10-16 16:25:39', '2023-12-07 07:27:22', 'Mynah indian');
insert into Esemplare_Animale (codice, paese_provenienza, sesso, nome, data_nascita, data_entrata, data_uscita, specie) values (7, 'China', 'f', 'Elijah', '1989-12-31 09:59:25', '2021-07-05 18:50:37', '2022-11-28 16:55:38', 'Pine siskin');
insert into Esemplare_Animale (codice, paese_provenienza, sesso, nome, data_nascita, data_entrata, data_uscita, specie) values (7, 'China', 'm', 'Dosi', '2005-01-10 21:41:12', '2021-10-22 12:02:22', '2022-01-01 21:44:59', 'African lynx');
insert into Esemplare_Animale (codice, paese_provenienza, sesso, nome, data_nascita, data_entrata, data_uscita, specie) values (7, 'Portugal', 'f', 'Flori', '1973-04-24 22:27:17', '2021-06-14 13:51:59', '2023-12-05 22:06:52', 'Tenrec tailless');
insert into Esemplare_Animale (codice, paese_provenienza, sesso, nome, data_nascita, data_entrata, data_uscita, specie) values (8, 'Philippines', 'f', 'Sheff', '1974-09-18 13:14:44', '2021-08-04 00:14:56', '2022-09-19 17:02:22', 'White-fronted capuchin');
insert into Esemplare_Animale (codice, paese_provenienza, sesso, nome, data_nascita, data_entrata, data_uscita, specie) values (8, 'Nigeria', 'm', 'Spencer', '2016-10-27 15:58:19', '2021-02-11 03:07:32', null, 'Southern black-backed gull');
insert into Esemplare_Animale (codice, paese_provenienza, sesso, nome, data_nascita, data_entrata, data_uscita, specie) values (8, 'Portugal', 'f', 'Laurianne', '2007-09-04 18:31:12', '2021-04-02 19:21:50', '2023-05-22 18:52:27', 'Pygmy possum');
insert into Esemplare_Animale (codice, paese_provenienza, sesso, nome, data_nascita, data_entrata, data_uscita, specie) values (8, 'China', 'f', 'Dynah', '1992-04-02 15:19:49', '2021-12-30 04:14:47', '2022-07-29 03:56:01', 'Mynah common');
insert into Esemplare_Animale (codice, paese_provenienza, sesso, nome, data_nascita, data_entrata, data_uscita, specie) values (8, 'Indonesia', 'm', 'Lynnelle', '2011-12-24 16:15:31', '2021-09-02 08:16:36', '2023-10-22 10:58:01', 'Rattlesnake eastern diamondback');
insert into Esemplare_Animale (codice, paese_provenienza, sesso, nome, data_nascita, data_entrata, data_uscita, specie) values (8, 'Indonesia', 'f', 'Luz', '1998-10-08 11:28:11', '2021-06-18 12:57:09', null, 'Onager');
insert into Esemplare_Animale (codice, paese_provenienza, sesso, nome, data_nascita, data_entrata, data_uscita, specie) values (8, 'Cuba', 'm', 'Isabelle', '2014-07-20 17:18:26', '2021-11-01 23:01:33', null, 'Arboral spiny rat');
insert into Esemplare_Animale (codice, paese_provenienza, sesso, nome, data_nascita, data_entrata, data_uscita, specie) values (8, 'Indonesia', 'm', 'Daniele', '1992-10-31 18:50:50', '2021-06-09 15:34:52', '2023-09-17 02:55:49', 'Owl madagascar hawk');
insert into Esemplare_Animale (codice, paese_provenienza, sesso, nome, data_nascita, data_entrata, data_uscita, specie) values (8, 'Portugal', 'f', 'Lexie', '2001-02-08 04:34:08', '2021-06-04 13:31:32', '2022-05-07 20:56:17', 'Great egret');
insert into Esemplare_Animale (codice, paese_provenienza, sesso, nome, data_nascita, data_entrata, data_uscita, specie) values (8, 'Slovenia', 'm', 'Mellisent', '1974-11-28 03:20:03', '2021-03-28 11:07:57', '2023-11-15 14:56:33', 'Western bearded dragon');
insert into Esemplare_Animale (codice, paese_provenienza, sesso, nome, data_nascita, data_entrata, data_uscita, specie) values (8, 'Senegal', 'm', 'Dorotea', '2013-07-17 12:43:33', '2021-03-22 23:04:01', '2023-07-12 17:10:11', 'Greater sage grouse');
insert into Esemplare_Animale (codice, paese_provenienza, sesso, nome, data_nascita, data_entrata, data_uscita, specie) values (8, 'Philippines', 'm', 'Carmina', '2012-08-22 03:03:37', '2021-01-16 23:58:10', '2022-05-26 08:01:21', 'Coot red-knobbed');
insert into Esemplare_Animale (codice, paese_provenienza, sesso, nome, data_nascita, data_entrata, data_uscita, specie) values (8, 'China', 'f', 'Lila', '2017-09-19 10:00:16', '2021-10-19 20:07:24', '2022-07-01 18:28:36', 'Lizard desert spiny');
insert into Esemplare_Animale (codice, paese_provenienza, sesso, nome, data_nascita, data_entrata, data_uscita, specie) values (8, 'Sweden', 'f', 'Agretha', '1972-09-01 22:57:47', '2021-11-26 07:34:27', '2023-06-06 04:03:08', 'Dragon ornate rock');
insert into Esemplare_Animale (codice, paese_provenienza, sesso, nome, data_nascita, data_entrata, data_uscita, specie) values (8, 'China', 'f', 'Laverne', '1994-05-11 01:44:59', '2021-01-18 21:40:32', '2023-08-01 04:39:08', 'King cormorant');
insert into Esemplare_Animale (codice, paese_provenienza, sesso, nome, data_nascita, data_entrata, data_uscita, specie) values (8, 'Australia', 'm', 'Edwin', '1994-06-18 07:32:40', '2021-12-18 06:52:44', null, 'American alligator');
insert into Esemplare_Animale (codice, paese_provenienza, sesso, nome, data_nascita, data_entrata, data_uscita, specie) values (8, 'Russia', 'm', 'Violante', '2020-06-12 09:17:58', '2021-12-29 19:05:21', '2022-04-05 01:02:19', 'Australian magpie');
insert into Esemplare_Animale (codice, paese_provenienza, sesso, nome, data_nascita, data_entrata, data_uscita, specie) values (8, 'Philippines', 'f', 'Nikolos', '1981-05-17 23:44:34', '2021-04-25 02:58:10', '2023-08-11 08:56:20', 'Pale white-eye');
insert into Esemplare_Animale (codice, paese_provenienza, sesso, nome, data_nascita, data_entrata, data_uscita, specie) values (8, 'France', 'f', 'Carolin', '2015-03-11 21:25:01', '2021-09-18 19:01:43', '2023-11-22 04:16:29', 'Brazilian tapir');
insert into Esemplare_Animale (codice, paese_provenienza, sesso, nome, data_nascita, data_entrata, data_uscita, specie) values (8, 'Argentina', 'f', 'Annemarie', '1996-03-16 13:38:04', '2021-11-12 19:28:16', '2022-10-20 04:04:47', 'Kelp gull');
insert into Esemplare_Animale (codice, paese_provenienza, sesso, nome, data_nascita, data_entrata, data_uscita, specie) values (8, 'Peru', 'f', 'Stinky', '2004-11-11 07:55:25', '2021-11-10 02:10:47', '2023-12-11 12:25:54', 'African buffalo');
insert into Esemplare_Animale (codice, paese_provenienza, sesso, nome, data_nascita, data_entrata, data_uscita, specie) values (8, 'Brazil', 'm', 'Fremont', '2016-11-08 07:36:55', '2021-08-06 02:05:13', '2023-10-29 06:10:00', 'Badger american');
insert into Esemplare_Animale (codice, paese_provenienza, sesso, nome, data_nascita, data_entrata, data_uscita, specie) values (8, 'China', 'f', 'Aldrich', '1984-02-24 08:00:27', '2021-04-07 16:42:59', '2023-02-27 10:29:25', 'Flicker campo');
insert into Esemplare_Animale (codice, paese_provenienza, sesso, nome, data_nascita, data_entrata, data_uscita, specie) values (8, 'Croatia', 'f', 'Chandler', '2003-01-07 12:56:37', '2021-07-22 09:27:19', '2022-04-17 09:30:19', 'Snake unidentified');
insert into Esemplare_Animale (codice, paese_provenienza, sesso, nome, data_nascita, data_entrata, data_uscita, specie) values (8, 'Philippines', 'f', 'Rhoda', '2005-04-02 14:05:25', '2021-03-15 02:08:28', '2022-01-29 21:59:26', 'Goldeneye common');
insert into Esemplare_Animale (codice, paese_provenienza, sesso, nome, data_nascita, data_entrata, data_uscita, specie) values (8, 'Sweden', 'f', 'Estelle', '2000-03-11 22:05:15', '2021-04-16 15:14:52', '2023-03-29 03:04:30', 'Snowy owl');
insert into Esemplare_Animale (codice, paese_provenienza, sesso, nome, data_nascita, data_entrata, data_uscita, specie) values (8, 'Tunisia', 'f', 'Norbie', '2002-10-24 15:19:14', '2021-05-19 16:38:12', null, 'Screamer southern');
insert into Esemplare_Animale (codice, paese_provenienza, sesso, nome, data_nascita, data_entrata, data_uscita, specie) values (8, 'Guinea', 'm', 'Clerc', '1995-05-02 01:40:30', '2021-08-07 14:58:45', '2023-11-16 09:57:43', 'Constrictor eastern boa');
insert into Esemplare_Animale (codice, paese_provenienza, sesso, nome, data_nascita, data_entrata, data_uscita, specie) values (8, 'Ethiopia', 'm', 'Nelson', '2018-08-11 15:25:53', '2021-08-07 08:00:45', '2023-06-03 12:55:50', 'Roadrunner greater');
insert into Esemplare_Animale (codice, paese_provenienza, sesso, nome, data_nascita, data_entrata, data_uscita, specie) values (8, 'China', 'm', 'Salem', '1975-07-31 12:04:37', '2021-07-21 10:24:30', '2022-11-13 04:00:40', 'Andean goose');
insert into Esemplare_Animale (codice, paese_provenienza, sesso, nome, data_nascita, data_entrata, data_uscita, specie) values (8, 'China', 'f', 'Ramona', '1973-08-07 12:53:36', '2021-04-15 16:48:22', '2023-09-07 01:25:57', 'Radiated tortoise');
insert into Esemplare_Animale (codice, paese_provenienza, sesso, nome, data_nascita, data_entrata, data_uscita, specie) values (8, 'Russia', 'f', 'Andre', '2006-08-18 02:33:41', '2021-12-21 20:03:52', '2023-01-06 00:00:00', 'Two-toed sloth');
insert into Esemplare_Animale (codice, paese_provenienza, sesso, nome, data_nascita, data_entrata, data_uscita, specie) values (8, 'Indonesia', 'f', 'Querida', '1990-11-02 05:46:37', '2021-10-29 01:57:55', null, 'Python carpet');
insert into Esemplare_Animale (codice, paese_provenienza, sesso, nome, data_nascita, data_entrata, data_uscita, specie) values (8, 'China', 'm', 'Evin', '2001-11-22 22:10:25', '2021-07-12 12:13:26', '2022-12-07 13:09:01', 'Cat long-tailed spotted');
insert into Esemplare_Animale (codice, paese_provenienza, sesso, nome, data_nascita, data_entrata, data_uscita, specie) values (8, 'Iceland', 'm', 'Niles', '1998-02-23 21:18:58', '2021-12-06 03:07:28', '2023-01-06 00:00:00', 'Rattlesnake horned');
insert into Esemplare_Animale (codice, paese_provenienza, sesso, nome, data_nascita, data_entrata, data_uscita, specie) values (8, 'Brazil', 'm', 'Barbra', '1975-12-10 05:19:46', '2021-04-24 13:32:54', '2022-08-04 00:41:42', 'Mockingbird galapagos');
insert into Esemplare_Animale (codice, paese_provenienza, sesso, nome, data_nascita, data_entrata, data_uscita, specie) values (8, 'Germany', 'm', 'Gavin', '1987-08-03 13:12:05', '2021-10-08 18:43:27', '2023-02-25 12:50:29', 'Buttermilk snake');
insert into Esemplare_Animale (codice, paese_provenienza, sesso, nome, data_nascita, data_entrata, data_uscita, specie) values (8, 'United States', 'm', 'Lindsey', '1993-12-12 05:16:00', '2021-07-24 01:11:29', '2023-01-06 00:00:00', 'Red-cheeked cordon bleu');
insert into Esemplare_Animale (codice, paese_provenienza, sesso, nome, data_nascita, data_entrata, data_uscita, specie) values (8, 'Brazil', 'm', 'Terri', '1999-06-24 05:56:19', '2021-07-16 09:48:49', '2023-12-21 07:58:52', 'Bird pied butcher');
insert into Esemplare_Animale (codice, paese_provenienza, sesso, nome, data_nascita, data_entrata, data_uscita, specie) values (8, 'Russia', 'f', 'Donelle', '1976-03-30 14:01:02', '2021-08-20 03:12:13', '2023-01-06 00:00:00', 'Anteater giant');
insert into Esemplare_Animale (codice, paese_provenienza, sesso, nome, data_nascita, data_entrata, data_uscita, specie) values (8, 'Serbia', 'm', 'Aridatha', '1975-02-24 13:10:44', '2021-11-04 09:59:26', '2023-01-13 09:22:33', 'Goose greylag');
insert into Esemplare_Animale (codice, paese_provenienza, sesso, nome, data_nascita, data_entrata, data_uscita, specie) values (8, 'Indonesia', 'm', 'Colin', '1976-10-12 00:35:34', '2021-10-19 03:04:17', '2023-03-15 02:16:41', 'Kangaroo western grey');
insert into Esemplare_Animale (codice, paese_provenienza, sesso, nome, data_nascita, data_entrata, data_uscita, specie) values (8, 'Indonesia', 'm', 'Angelique', '2001-08-10 19:31:54', '2021-09-26 15:03:04', '2023-03-27 06:28:04', 'Racer snake');
insert into Esemplare_Animale (codice, paese_provenienza, sesso, nome, data_nascita, data_entrata, data_uscita, specie) values (8, 'Serbia', 'm', 'Talbert', '1982-10-11 17:51:07', '2021-01-31 12:53:58', '2023-05-06 02:40:03', 'Worm snake unidentified');
insert into Esemplare_Animale (codice, paese_provenienza, sesso, nome, data_nascita, data_entrata, data_uscita, specie) values (8, 'China', 'm', 'Enrichetta', '1998-10-27 16:30:34', '2021-07-26 16:07:41', '2023-01-11 07:32:55', 'Glider feathertail');
insert into Esemplare_Animale (codice, paese_provenienza, sesso, nome, data_nascita, data_entrata, data_uscita, specie) values (8, 'China', 'f', 'Alexis', '2013-10-04 01:27:58', '2021-03-26 02:29:01', '2022-04-13 21:27:32', 'Wapiti elk');
insert into Esemplare_Animale (codice, paese_provenienza, sesso, nome, data_nascita, data_entrata, data_uscita, specie) values (8, 'Indonesia', 'm', 'Clayborn', '2017-12-29 07:13:54', '2021-07-05 04:21:40', null, 'Mynah indian');
insert into Esemplare_Animale (codice, paese_provenienza, sesso, nome, data_nascita, data_entrata, data_uscita, specie) values (8, 'China', 'f', 'Ariel', '2017-06-28 13:45:49', '2021-09-28 20:24:26', '2023-01-20 18:08:44', 'Pine siskin');
insert into Esemplare_Animale (codice, paese_provenienza, sesso, nome, data_nascita, data_entrata, data_uscita, specie) values (8, 'Russia', 'f', 'Earvin', '1973-03-21 10:03:21', '2021-06-06 19:56:48', '2022-11-30 16:03:31', 'African lynx');
insert into Esemplare_Animale (codice, paese_provenienza, sesso, nome, data_nascita, data_entrata, data_uscita, specie) values (8, 'Cuba', 'f', 'Felizio', '1986-10-14 17:26:36', '2021-08-29 09:51:10', '2023-11-06 11:16:26', 'Tenrec tailless');
insert into Esemplare_Animale (codice, paese_provenienza, sesso, nome, data_nascita, data_entrata, data_uscita, specie) values (9, 'Honduras', 'm', 'Gibbie', '2016-09-26 06:18:57', '2021-01-12 19:27:27', '2022-09-10 20:17:14', 'White-fronted capuchin');
insert into Esemplare_Animale (codice, paese_provenienza, sesso, nome, data_nascita, data_entrata, data_uscita, specie) values (9, 'Czech Republic', 'm', 'Derk', '1987-10-30 20:32:41', '2021-04-05 15:03:33', null, 'Southern black-backed gull');
insert into Esemplare_Animale (codice, paese_provenienza, sesso, nome, data_nascita, data_entrata, data_uscita, specie) values (9, 'Sweden', 'f', 'Yetta', '1984-01-11 02:27:34', '2021-08-27 10:47:04', '2022-11-02 06:32:56', 'Pygmy possum');
insert into Esemplare_Animale (codice, paese_provenienza, sesso, nome, data_nascita, data_entrata, data_uscita, specie) values (9, 'Kuwait', 'f', 'Carlita', '1993-02-10 18:32:43', '2021-10-22 14:22:28', '2022-06-01 15:10:39', 'Mynah common');
insert into Esemplare_Animale (codice, paese_provenienza, sesso, nome, data_nascita, data_entrata, data_uscita, specie) values (9, 'Peru', 'm', 'Octavia', '1999-01-30 08:42:46', '2021-01-23 06:36:15', '2023-10-13 01:27:23', 'Rattlesnake eastern diamondback');
insert into Esemplare_Animale (codice, paese_provenienza, sesso, nome, data_nascita, data_entrata, data_uscita, specie) values (9, 'Russia', 'f', 'Bard', '1999-03-05 18:41:48', '2021-05-30 20:24:21', '2023-03-26 13:32:05', 'Onager');
insert into Esemplare_Animale (codice, paese_provenienza, sesso, nome, data_nascita, data_entrata, data_uscita, specie) values (9, 'Russia', 'm', 'Tatiania', '1981-05-27 04:32:01', '2021-01-20 04:52:39', '2022-09-03 20:53:27', 'Arboral spiny rat');
insert into Esemplare_Animale (codice, paese_provenienza, sesso, nome, data_nascita, data_entrata, data_uscita, specie) values (9, 'Haiti', 'm', 'Brandea', '1978-12-02 04:54:33', '2021-02-17 06:06:46', '2023-04-04 08:17:51', 'Owl madagascar hawk');
insert into Esemplare_Animale (codice, paese_provenienza, sesso, nome, data_nascita, data_entrata, data_uscita, specie) values (9, 'Indonesia', 'm', 'Tobiah', '2018-10-13 02:01:51', '2021-02-03 12:21:46', '2023-05-22 14:06:58', 'Great egret');
insert into Esemplare_Animale (codice, paese_provenienza, sesso, nome, data_nascita, data_entrata, data_uscita, specie) values (9, 'Japan', 'm', 'Kelwin', '1996-01-13 06:08:49', '2021-02-07 06:02:04', '2022-11-13 08:13:19', 'Western bearded dragon');
insert into Esemplare_Animale (codice, paese_provenienza, sesso, nome, data_nascita, data_entrata, data_uscita, specie) values (9, 'Brazil', 'f', 'Cly', '2011-05-02 21:22:39', '2021-07-02 23:20:34', '2022-07-31 22:19:40', 'Greater sage grouse');
insert into Esemplare_Animale (codice, paese_provenienza, sesso, nome, data_nascita, data_entrata, data_uscita, specie) values (9, 'Indonesia', 'f', 'Jarret', '2015-12-16 22:48:17', '2021-07-06 03:34:15', '2023-01-06 00:00:00', 'Coot red-knobbed');
insert into Esemplare_Animale (codice, paese_provenienza, sesso, nome, data_nascita, data_entrata, data_uscita, specie) values (9, 'Sweden', 'f', 'Webster', '1973-05-13 10:31:44', '2021-02-09 03:36:58', '2023-12-15 11:09:02', 'Lizard desert spiny');
insert into Esemplare_Animale (codice, paese_provenienza, sesso, nome, data_nascita, data_entrata, data_uscita, specie) values (9, 'Libya', 'm', 'Pauline', '2013-05-04 18:34:02', '2021-08-16 00:52:50', '2022-01-04 11:44:11', 'Dragon ornate rock');
insert into Esemplare_Animale (codice, paese_provenienza, sesso, nome, data_nascita, data_entrata, data_uscita, specie) values (9, 'China', 'f', 'Nissa', '2017-10-12 19:42:01', '2021-02-05 00:11:11', '2022-11-11 07:19:19', 'King cormorant');
insert into Esemplare_Animale (codice, paese_provenienza, sesso, nome, data_nascita, data_entrata, data_uscita, specie) values (9, 'Brazil', 'f', 'Virge', '1987-10-29 02:33:53', '2021-09-25 10:32:44', '2022-10-21 05:01:14', 'American alligator');
insert into Esemplare_Animale (codice, paese_provenienza, sesso, nome, data_nascita, data_entrata, data_uscita, specie) values (9, 'Argentina', 'm', 'Granthem', '1981-11-08 05:19:52', '2021-09-03 15:48:33', '2023-04-21 16:59:09', 'Australian magpie');
insert into Esemplare_Animale (codice, paese_provenienza, sesso, nome, data_nascita, data_entrata, data_uscita, specie) values (9, 'France', 'f', 'Verene', '2008-07-16 16:51:57', '2021-08-13 23:24:39', '2023-08-10 13:30:24', 'Pale white-eye');
insert into Esemplare_Animale (codice, paese_provenienza, sesso, nome, data_nascita, data_entrata, data_uscita, specie) values (9, 'Indonesia', 'm', 'Gladi', '1995-01-26 12:23:18', '2021-09-02 16:55:26', null, 'Brazilian tapir');
insert into Esemplare_Animale (codice, paese_provenienza, sesso, nome, data_nascita, data_entrata, data_uscita, specie) values (9, 'Czech Republic', 'f', 'Riki', '2017-08-23 01:58:15', '2021-07-01 15:50:10', '2022-12-14 11:56:45', 'Kelp gull');
insert into Esemplare_Animale (codice, paese_provenienza, sesso, nome, data_nascita, data_entrata, data_uscita, specie) values (9, 'Serbia', 'm', 'Rosa', '2002-09-12 15:09:36', '2021-12-22 07:48:19', '2023-07-04 15:49:21', 'African buffalo');
insert into Esemplare_Animale (codice, paese_provenienza, sesso, nome, data_nascita, data_entrata, data_uscita, specie) values (9, 'China', 'f', 'Berthe', '2008-10-10 03:59:46', '2021-10-13 10:37:43', '2022-09-14 11:21:32', 'Badger american');
insert into Esemplare_Animale (codice, paese_provenienza, sesso, nome, data_nascita, data_entrata, data_uscita, specie) values (9, 'Poland', 'm', 'Swen', '1995-03-27 09:09:05', '2021-11-23 21:00:49', null, 'Flicker campo');
insert into Esemplare_Animale (codice, paese_provenienza, sesso, nome, data_nascita, data_entrata, data_uscita, specie) values (9, 'Sierra Leone', 'm', 'Winslow', '1997-10-01 08:55:00', '2021-04-25 23:13:50', '2023-12-02 09:47:57', 'Snake unidentified');
insert into Esemplare_Animale (codice, paese_provenienza, sesso, nome, data_nascita, data_entrata, data_uscita, specie) values (9, 'Palestinian Territory', 'f', 'Harmonie', '2005-01-09 02:18:16', '2021-06-13 22:42:57', '2023-06-04 03:02:28', 'Goldeneye common');
insert into Esemplare_Animale (codice, paese_provenienza, sesso, nome, data_nascita, data_entrata, data_uscita, specie) values (9, 'Indonesia', 'm', 'Gasper', '2017-11-15 03:00:04', '2021-03-10 20:58:34', null, 'Snowy owl');
insert into Esemplare_Animale (codice, paese_provenienza, sesso, nome, data_nascita, data_entrata, data_uscita, specie) values (9, 'Colombia', 'm', 'Dorelle', '1986-11-18 18:53:01', '2021-09-05 19:47:09', '2023-09-13 04:19:53', 'Screamer southern');
insert into Esemplare_Animale (codice, paese_provenienza, sesso, nome, data_nascita, data_entrata, data_uscita, specie) values (9, 'Ukraine', 'f', 'Emmy', '1997-11-10 01:17:26', '2021-11-14 16:11:48', '2023-06-03 02:12:18', 'Constrictor eastern boa');
insert into Esemplare_Animale (codice, paese_provenienza, sesso, nome, data_nascita, data_entrata, data_uscita, specie) values (9, 'China', 'f', 'Yolanthe', '2017-02-12 14:46:40', '2021-10-27 17:09:59', '2023-06-11 15:52:26', 'Roadrunner greater');
insert into Esemplare_Animale (codice, paese_provenienza, sesso, nome, data_nascita, data_entrata, data_uscita, specie) values (9, 'China', 'm', 'Tailor', '2015-06-18 12:19:53', '2021-04-22 08:10:14', '2022-05-25 04:48:19', 'Andean goose');
insert into Esemplare_Animale (codice, paese_provenienza, sesso, nome, data_nascita, data_entrata, data_uscita, specie) values (9, 'Indonesia', 'm', 'Hoebart', '1993-05-06 22:47:09', '2021-09-02 19:13:46', '2022-08-11 09:43:57', 'Radiated tortoise');
insert into Esemplare_Animale (codice, paese_provenienza, sesso, nome, data_nascita, data_entrata, data_uscita, specie) values (9, 'Russia', 'm', 'Dyna', '1980-10-30 18:36:12', '2021-10-02 21:02:21', '2023-01-06 00:00:00', 'Two-toed sloth');
insert into Esemplare_Animale (codice, paese_provenienza, sesso, nome, data_nascita, data_entrata, data_uscita, specie) values (9, 'Portugal', 'm', 'Dorolisa', '2019-06-27 08:25:04', '2021-09-27 23:01:35', '2023-02-02 21:25:04', 'Python carpet');
insert into Esemplare_Animale (codice, paese_provenienza, sesso, nome, data_nascita, data_entrata, data_uscita, specie) values (9, 'France', 'f', 'Euphemia', '1984-10-07 08:14:24', '2021-10-29 07:42:21', '2022-03-08 10:29:39', 'Cat long-tailed spotted');
insert into Esemplare_Animale (codice, paese_provenienza, sesso, nome, data_nascita, data_entrata, data_uscita, specie) values (9, 'Thailand', 'm', 'Giacomo', '1989-01-28 16:01:11', '2021-09-14 13:37:31', '2023-01-06 00:00:00', 'Rattlesnake horned');
insert into Esemplare_Animale (codice, paese_provenienza, sesso, nome, data_nascita, data_entrata, data_uscita, specie) values (9, 'Poland', 'f', 'Gerianna', '1974-12-04 18:21:30', '2021-06-25 04:48:58', '2022-05-27 09:37:00', 'Mockingbird galapagos');
insert into Esemplare_Animale (codice, paese_provenienza, sesso, nome, data_nascita, data_entrata, data_uscita, specie) values (9, 'Canada', 'm', 'Paulina', '2000-07-06 12:43:24', '2021-06-13 02:31:35', '2023-04-19 04:53:54', 'Buttermilk snake');
insert into Esemplare_Animale (codice, paese_provenienza, sesso, nome, data_nascita, data_entrata, data_uscita, specie) values (9, 'Israel', 'm', 'Fenelia', '1995-12-22 18:59:00', '2021-03-14 04:37:10', '2023-01-06 00:00:00', 'Red-cheeked cordon bleu');
insert into Esemplare_Animale (codice, paese_provenienza, sesso, nome, data_nascita, data_entrata, data_uscita, specie) values (9, 'China', 'f', 'Alain', '1990-07-10 03:54:53', '2021-01-12 22:28:31', null, 'Bird pied butcher');
insert into Esemplare_Animale (codice, paese_provenienza, sesso, nome, data_nascita, data_entrata, data_uscita, specie) values (9, 'Sweden', 'f', 'Carly', '2002-05-13 16:03:12', '2021-06-18 12:00:25', '2023-01-06 00:00:00', 'Anteater giant');
insert into Esemplare_Animale (codice, paese_provenienza, sesso, nome, data_nascita, data_entrata, data_uscita, specie) values (9, 'Argentina', 'f', 'Damon', '1988-03-10 03:44:37', '2021-04-26 20:12:10', '2023-08-09 08:03:39', 'Goose greylag');
insert into Esemplare_Animale (codice, paese_provenienza, sesso, nome, data_nascita, data_entrata, data_uscita, specie) values (9, 'Colombia', 'f', 'Billy', '1984-05-06 11:13:01', '2021-01-25 19:33:43', null, 'Kangaroo western grey');
insert into Esemplare_Animale (codice, paese_provenienza, sesso, nome, data_nascita, data_entrata, data_uscita, specie) values (9, 'Russia', 'm', 'Marcelo', '2011-05-19 00:54:00', '2021-07-18 23:54:15', '2022-09-28 05:28:39', 'Racer snake');
insert into Esemplare_Animale (codice, paese_provenienza, sesso, nome, data_nascita, data_entrata, data_uscita, specie) values (9, 'Portugal', 'm', 'Giulia', '1986-08-26 22:31:12', '2021-07-13 07:05:25', '2022-11-27 11:32:37', 'Worm snake unidentified');
insert into Esemplare_Animale (codice, paese_provenienza, sesso, nome, data_nascita, data_entrata, data_uscita, specie) values (9, 'China', 'm', 'Neel', '1989-09-20 06:03:56', '2021-12-11 23:15:14', null, 'Glider feathertail');
insert into Esemplare_Animale (codice, paese_provenienza, sesso, nome, data_nascita, data_entrata, data_uscita, specie) values (9, 'France', 'm', 'Chevy', '2009-10-13 17:35:59', '2021-03-04 17:43:12', null, 'Wapiti elk');
insert into Esemplare_Animale (codice, paese_provenienza, sesso, nome, data_nascita, data_entrata, data_uscita, specie) values (9, 'Russia', 'f', 'Aldous', '1984-05-24 22:50:48', '2021-06-02 02:02:17', '2022-09-20 01:39:20', 'Mynah indian');
insert into Esemplare_Animale (codice, paese_provenienza, sesso, nome, data_nascita, data_entrata, data_uscita, specie) values (9, 'South Africa', 'm', 'Sapphira', '2003-03-16 02:47:15', '2021-06-01 08:42:57', '2023-06-10 09:03:09', 'Pine siskin');
insert into Esemplare_Animale (codice, paese_provenienza, sesso, nome, data_nascita, data_entrata, data_uscita, specie) values (9, 'Kyrgyzstan', 'm', 'Frank', '1991-09-26 16:14:09', '2021-10-25 13:53:19', '2023-12-08 09:42:21', 'African lynx');
insert into Esemplare_Animale (codice, paese_provenienza, sesso, nome, data_nascita, data_entrata, data_uscita, specie) values (9, 'Philippines', 'm', 'Agata', '1981-05-10 10:56:21', '2021-12-30 20:44:47', null, 'Tenrec tailless');
insert into Esemplare_Animale (codice, paese_provenienza, sesso, nome, data_nascita, data_entrata, data_uscita, specie) values (10, 'China', 'm', 'Bartram', '1985-05-13 16:06:04', '2021-02-10 10:54:16', null, 'White-fronted capuchin');
insert into Esemplare_Animale (codice, paese_provenienza, sesso, nome, data_nascita, data_entrata, data_uscita, specie) values (10, 'Russia', 'f', 'Olympia', '1993-06-25 09:51:13', '2021-09-05 15:09:27', '2023-01-27 03:58:19', 'Southern black-backed gull');
insert into Esemplare_Animale (codice, paese_provenienza, sesso, nome, data_nascita, data_entrata, data_uscita, specie) values (10, 'Ukraine', 'm', 'Elliott', '1989-04-29 05:14:43', '2021-05-03 18:08:22', '2023-11-16 13:23:43', 'Pygmy possum');
insert into Esemplare_Animale (codice, paese_provenienza, sesso, nome, data_nascita, data_entrata, data_uscita, specie) values (10, 'Ukraine', 'm', 'Godfree', '2014-11-24 16:28:45', '2021-01-07 01:32:25', '2023-09-04 19:18:03', 'Mynah common');
insert into Esemplare_Animale (codice, paese_provenienza, sesso, nome, data_nascita, data_entrata, data_uscita, specie) values (10, 'Indonesia', 'm', 'Josiah', '2006-11-11 16:11:25', '2021-07-27 04:08:47', '2023-12-24 17:41:23', 'Rattlesnake eastern diamondback');
insert into Esemplare_Animale (codice, paese_provenienza, sesso, nome, data_nascita, data_entrata, data_uscita, specie) values (10, 'China', 'm', 'Marcie', '1986-12-28 07:36:47', '2021-06-20 05:39:54', '2022-06-20 19:01:28', 'Onager');
insert into Esemplare_Animale (codice, paese_provenienza, sesso, nome, data_nascita, data_entrata, data_uscita, specie) values (10, 'Indonesia', 'f', 'Olympe', '1994-03-21 18:29:05', '2021-09-21 10:20:29', '2022-03-09 01:54:17', 'Arboral spiny rat');
insert into Esemplare_Animale (codice, paese_provenienza, sesso, nome, data_nascita, data_entrata, data_uscita, specie) values (10, 'China', 'm', 'Daven', '2007-03-15 05:18:44', '2021-11-22 11:17:14', '2023-05-05 00:59:32', 'Owl madagascar hawk');
insert into Esemplare_Animale (codice, paese_provenienza, sesso, nome, data_nascita, data_entrata, data_uscita, specie) values (10, 'Brazil', 'f', 'Christi', '2019-07-20 08:51:01', '2021-03-09 04:34:08', '2023-03-16 18:56:10', 'Great egret');
insert into Esemplare_Animale (codice, paese_provenienza, sesso, nome, data_nascita, data_entrata, data_uscita, specie) values (10, 'United States', 'm', 'Catrina', '2018-10-14 08:06:06', '2021-03-16 22:45:47', '2023-10-06 11:51:35', 'Western bearded dragon');
insert into Esemplare_Animale (codice, paese_provenienza, sesso, nome, data_nascita, data_entrata, data_uscita, specie) values (10, 'Ukraine', 'f', 'Mareah', '2009-10-29 09:17:48', '2021-09-07 02:00:07', '2023-03-07 15:13:06', 'Greater sage grouse');
insert into Esemplare_Animale (codice, paese_provenienza, sesso, nome, data_nascita, data_entrata, data_uscita, specie) values (10, 'Portugal', 'f', 'Cello', '2012-05-20 02:55:28', '2021-09-03 05:02:24', '2023-09-09 07:51:01', 'Coot red-knobbed');
insert into Esemplare_Animale (codice, paese_provenienza, sesso, nome, data_nascita, data_entrata, data_uscita, specie) values (10, 'Sweden', 'f', 'Berta', '2020-03-14 14:13:34', '2021-11-17 13:47:14', '2023-01-06 00:00:00', 'Lizard desert spiny');
insert into Esemplare_Animale (codice, paese_provenienza, sesso, nome, data_nascita, data_entrata, data_uscita, specie) values (10, 'Armenia', 'm', 'Netta', '1987-01-28 15:35:33', '2021-03-22 13:36:44', '2023-12-07 16:00:54', 'Dragon ornate rock');
insert into Esemplare_Animale (codice, paese_provenienza, sesso, nome, data_nascita, data_entrata, data_uscita, specie) values (10, 'Brazil', 'm', 'Dulcinea', '2002-01-06 20:26:21', '2021-08-17 02:47:04', '2023-01-18 06:22:02', 'King cormorant');
insert into Esemplare_Animale (codice, paese_provenienza, sesso, nome, data_nascita, data_entrata, data_uscita, specie) values (10, 'China', 'm', 'Rodolfo', '1997-12-18 04:07:20', '2021-07-17 12:39:06', '2023-10-17 15:01:42', 'American alligator');
insert into Esemplare_Animale (codice, paese_provenienza, sesso, nome, data_nascita, data_entrata, data_uscita, specie) values (10, 'Peru', 'f', 'Jarrod', '1982-06-20 20:20:31', '2021-03-27 02:40:59', '2022-04-09 23:46:46', 'Australian magpie');
insert into Esemplare_Animale (codice, paese_provenienza, sesso, nome, data_nascita, data_entrata, data_uscita, specie) values (10, 'Afghanistan', 'f', 'Preston', '1973-04-12 00:28:46', '2021-05-26 15:27:41', '2023-10-19 06:58:33', 'Pale white-eye');
insert into Esemplare_Animale (codice, paese_provenienza, sesso, nome, data_nascita, data_entrata, data_uscita, specie) values (10, 'Guatemala', 'm', 'Mona', '2002-01-10 15:01:15', '2021-04-28 10:47:28', '2022-11-02 05:25:33', 'Brazilian tapir');
insert into Esemplare_Animale (codice, paese_provenienza, sesso, nome, data_nascita, data_entrata, data_uscita, specie) values (10, 'Greece', 'm', 'Brunhilde', '1995-02-14 23:24:47', '2021-07-24 04:09:35', '2023-12-28 08:46:36', 'Kelp gull');
insert into Esemplare_Animale (codice, paese_provenienza, sesso, nome, data_nascita, data_entrata, data_uscita, specie) values (10, 'Ukraine', 'f', 'Ramsay', '2007-06-26 06:43:56', '2021-05-03 21:22:09', null, 'African buffalo');
insert into Esemplare_Animale (codice, paese_provenienza, sesso, nome, data_nascita, data_entrata, data_uscita, specie) values (10, 'Brazil', 'f', 'Otto', '1972-11-20 19:29:04', '2021-04-04 11:12:02', '2022-09-29 02:50:25', 'Badger american');
insert into Esemplare_Animale (codice, paese_provenienza, sesso, nome, data_nascita, data_entrata, data_uscita, specie) values (10, 'Indonesia', 'm', 'Berny', '1999-04-27 05:07:51', '2021-03-19 07:25:53', null, 'Flicker campo');
insert into Esemplare_Animale (codice, paese_provenienza, sesso, nome, data_nascita, data_entrata, data_uscita, specie) values (10, 'China', 'm', 'Addie', '1978-09-21 12:46:30', '2021-10-19 10:14:41', '2023-08-07 06:27:20', 'Snake unidentified');
insert into Esemplare_Animale (codice, paese_provenienza, sesso, nome, data_nascita, data_entrata, data_uscita, specie) values (10, 'Tanzania', 'm', 'Nance', '1987-12-15 11:07:56', '2021-05-27 19:39:50', null, 'Goldeneye common');
insert into Esemplare_Animale (codice, paese_provenienza, sesso, nome, data_nascita, data_entrata, data_uscita, specie) values (10, 'Russia', 'm', 'Rossy', '1979-05-20 00:37:10', '2021-04-23 13:30:33', '2023-06-24 06:14:26', 'Snowy owl');
insert into Esemplare_Animale (codice, paese_provenienza, sesso, nome, data_nascita, data_entrata, data_uscita, specie) values (10, 'Sweden', 'm', 'Olva', '1981-07-16 18:26:14', '2021-03-11 10:26:37', '2023-06-24 15:33:51', 'Screamer southern');
insert into Esemplare_Animale (codice, paese_provenienza, sesso, nome, data_nascita, data_entrata, data_uscita, specie) values (10, 'Sweden', 'f', 'Goraud', '1984-11-18 04:45:04', '2021-01-22 16:03:51', '2022-08-11 13:49:23', 'Constrictor eastern boa');
insert into Esemplare_Animale (codice, paese_provenienza, sesso, nome, data_nascita, data_entrata, data_uscita, specie) values (10, 'Sweden', 'f', 'Darcie', '1978-04-07 22:33:00', '2021-12-05 09:46:22', '2023-05-13 16:19:23', 'Roadrunner greater');
insert into Esemplare_Animale (codice, paese_provenienza, sesso, nome, data_nascita, data_entrata, data_uscita, specie) values (10, 'Peru', 'f', 'Lenka', '2012-10-15 06:22:08', '2021-07-19 05:53:42', '2022-02-19 04:46:32', 'Andean goose');
insert into Esemplare_Animale (codice, paese_provenienza, sesso, nome, data_nascita, data_entrata, data_uscita, specie) values (10, 'Czech Republic', 'm', 'Jaine', '2010-03-23 14:38:25', '2021-07-13 01:28:05', '2022-10-08 22:19:47', 'Radiated tortoise');
insert into Esemplare_Animale (codice, paese_provenienza, sesso, nome, data_nascita, data_entrata, data_uscita, specie) values (10, 'Sweden', 'm', 'Deonne', '1974-01-29 23:54:48', '2021-04-05 09:39:56', '2022-08-08 03:34:01', 'Two-toed sloth');
insert into Esemplare_Animale (codice, paese_provenienza, sesso, nome, data_nascita, data_entrata, data_uscita, specie) values (10, 'Indonesia', 'm', 'Fleming', '1974-06-02 12:48:59', '2021-02-11 16:17:37', '2023-11-22 11:43:03', 'Python carpet');
insert into Esemplare_Animale (codice, paese_provenienza, sesso, nome, data_nascita, data_entrata, data_uscita, specie) values (10, 'Finland', 'f', 'Zeke', '2002-05-14 14:56:22', '2021-06-22 18:49:14', '2022-03-02 23:52:56', 'Cat long-tailed spotted');
insert into Esemplare_Animale (codice, paese_provenienza, sesso, nome, data_nascita, data_entrata, data_uscita, specie) values (10, 'Sweden', 'f', 'Amii', '2019-05-29 10:23:03', '2021-07-17 15:10:02', '2023-01-06 00:00:00', 'Rattlesnake horned');
insert into Esemplare_Animale (codice, paese_provenienza, sesso, nome, data_nascita, data_entrata, data_uscita, specie) values (10, 'Serbia', 'f', 'Bren', '2004-06-07 21:59:38', '2021-09-21 16:04:17', '2022-10-28 20:06:14', 'Mockingbird galapagos');
insert into Esemplare_Animale (codice, paese_provenienza, sesso, nome, data_nascita, data_entrata, data_uscita, specie) values (10, 'Armenia', 'm', 'Idelle', '1986-04-06 11:30:22', '2021-02-27 15:18:04', '2022-03-21 11:45:08', 'Buttermilk snake');
insert into Esemplare_Animale (codice, paese_provenienza, sesso, nome, data_nascita, data_entrata, data_uscita, specie) values (10, 'Indonesia', 'f', 'Deloria', '1996-09-07 01:14:37', '2021-10-22 14:52:44', '2023-01-06 00:00:00', 'Red-cheeked cordon bleu');
insert into Esemplare_Animale (codice, paese_provenienza, sesso, nome, data_nascita, data_entrata, data_uscita, specie) values (10, 'China', 'f', 'Olivero', '1996-02-04 03:36:00', '2021-09-15 01:32:07', null, 'Bird pied butcher');
insert into Esemplare_Animale (codice, paese_provenienza, sesso, nome, data_nascita, data_entrata, data_uscita, specie) values (10, 'Ukraine', 'm', 'Orella', '2005-05-26 21:10:31', '2021-07-05 17:25:48', '2022-04-28 23:40:02', 'Anteater giant');
insert into Esemplare_Animale (codice, paese_provenienza, sesso, nome, data_nascita, data_entrata, data_uscita, specie) values (10, 'Philippines', 'm', 'Amelia', '2020-02-06 01:42:13', '2021-06-21 01:20:35', '2022-05-18 21:06:50', 'Goose greylag');
insert into Esemplare_Animale (codice, paese_provenienza, sesso, nome, data_nascita, data_entrata, data_uscita, specie) values (10, 'Canada', 'm', 'Mei', '1975-12-09 02:20:42', '2021-08-03 22:01:32', '2023-03-21 13:31:08', 'Kangaroo western grey');
insert into Esemplare_Animale (codice, paese_provenienza, sesso, nome, data_nascita, data_entrata, data_uscita, specie) values (10, 'Russia', 'm', 'Irv', '2008-09-22 06:57:12', '2021-08-23 19:20:22', null, 'Racer snake');
insert into Esemplare_Animale (codice, paese_provenienza, sesso, nome, data_nascita, data_entrata, data_uscita, specie) values (10, 'China', 'f', 'Wendeline', '1991-09-20 13:56:55', '2021-04-10 03:05:47', '2023-10-01 22:34:32', 'Worm snake unidentified');
insert into Esemplare_Animale (codice, paese_provenienza, sesso, nome, data_nascita, data_entrata, data_uscita, specie) values (10, 'China', 'f', 'Bary', '1993-09-14 02:24:29', '2021-01-10 10:48:39', null, 'Glider feathertail');
insert into Esemplare_Animale (codice, paese_provenienza, sesso, nome, data_nascita, data_entrata, data_uscita, specie) values (10, 'China', 'f', 'Vinny', '1979-01-03 21:01:27', '2021-06-25 16:01:46', '2023-12-01 13:10:32', 'Wapiti elk');
insert into Esemplare_Animale (codice, paese_provenienza, sesso, nome, data_nascita, data_entrata, data_uscita, specie) values (10, 'Finland', 'm', 'Eva', '2015-10-31 21:00:15', '2021-09-24 03:53:46', '2023-12-15 14:04:27', 'Mynah indian');
insert into Esemplare_Animale (codice, paese_provenienza, sesso, nome, data_nascita, data_entrata, data_uscita, specie) values (10, 'Russia', 'm', 'Sabina', '1995-01-04 21:07:04', '2021-02-07 10:05:34', '2022-03-25 14:31:04', 'Pine siskin');
insert into Esemplare_Animale (codice, paese_provenienza, sesso, nome, data_nascita, data_entrata, data_uscita, specie) values (10, 'Denmark', 'f', 'Aime', '2015-12-05 19:49:23', '2021-08-12 04:04:57', '2022-01-17 19:51:48', 'African lynx');
insert into Esemplare_Animale (codice, paese_provenienza, sesso, nome, data_nascita, data_entrata, data_uscita, specie) values (10, 'Ireland', 'f', 'Birdie', '1985-06-24 17:47:02', '2021-11-29 05:10:45', '2022-02-12 00:51:48', 'Tenrec tailless');
insert into Esemplare_Animale (codice, paese_provenienza, sesso, nome, data_nascita, data_entrata, data_uscita, specie) values (11, 'Brazil', 'm', 'Anica', '1973-08-23 11:30:12', '2021-03-22 19:01:14', '2023-04-16 07:13:54', 'White-fronted capuchin');
insert into Esemplare_Animale (codice, paese_provenienza, sesso, nome, data_nascita, data_entrata, data_uscita, specie) values (11, 'Cameroon', 'f', 'Cindra', '1981-10-01 09:30:28', '2021-04-13 16:17:59', '2023-07-06 06:56:26', 'Southern black-backed gull');
insert into Esemplare_Animale (codice, paese_provenienza, sesso, nome, data_nascita, data_entrata, data_uscita, specie) values (11, 'France', 'f', 'Jennica', '1997-10-06 14:48:57', '2021-07-20 02:16:24', '2022-06-02 04:48:04', 'Pygmy possum');
insert into Esemplare_Animale (codice, paese_provenienza, sesso, nome, data_nascita, data_entrata, data_uscita, specie) values (11, 'Greece', 'm', 'West', '2014-01-04 07:05:03', '2021-01-04 00:46:43', '2023-12-28 08:28:11', 'Mynah common');
insert into Esemplare_Animale (codice, paese_provenienza, sesso, nome, data_nascita, data_entrata, data_uscita, specie) values (11, 'China', 'f', 'Kasper', '2000-08-18 09:43:53', '2021-06-24 06:18:41', '2022-03-24 08:18:58', 'Rattlesnake eastern diamondback');
insert into Esemplare_Animale (codice, paese_provenienza, sesso, nome, data_nascita, data_entrata, data_uscita, specie) values (11, 'France', 'f', 'Dana', '1982-03-25 02:34:11', '2021-11-16 13:36:29', '2023-04-20 18:26:24', 'Onager');
insert into Esemplare_Animale (codice, paese_provenienza, sesso, nome, data_nascita, data_entrata, data_uscita, specie) values (11, 'Ireland', 'f', 'Agnesse', '1992-05-22 09:41:52', '2021-03-23 11:05:48', null, 'Arboral spiny rat');
insert into Esemplare_Animale (codice, paese_provenienza, sesso, nome, data_nascita, data_entrata, data_uscita, specie) values (11, 'Indonesia', 'f', 'Elana', '2011-05-17 17:25:25', '2021-05-01 10:20:00', '2023-06-06 20:25:28', 'Owl madagascar hawk');
insert into Esemplare_Animale (codice, paese_provenienza, sesso, nome, data_nascita, data_entrata, data_uscita, specie) values (11, 'Germany', 'm', 'Eberto', '2006-09-01 17:49:17', '2021-06-28 01:14:09', '2022-07-31 09:44:32', 'Great egret');
insert into Esemplare_Animale (codice, paese_provenienza, sesso, nome, data_nascita, data_entrata, data_uscita, specie) values (11, 'Indonesia', 'f', 'Alica', '2008-10-15 13:48:31', '2021-02-05 15:57:42', '2022-10-28 15:34:49', 'Western bearded dragon');
insert into Esemplare_Animale (codice, paese_provenienza, sesso, nome, data_nascita, data_entrata, data_uscita, specie) values (11, 'Brazil', 'm', 'Moise', '1975-01-01 08:40:10', '2021-11-16 20:30:39', null, 'Greater sage grouse');
insert into Esemplare_Animale (codice, paese_provenienza, sesso, nome, data_nascita, data_entrata, data_uscita, specie) values (11, 'Canada', 'f', 'Jacinthe', '1994-12-27 07:48:52', '2021-01-27 03:02:12', '2023-04-22 04:04:02', 'Coot red-knobbed');
insert into Esemplare_Animale (codice, paese_provenienza, sesso, nome, data_nascita, data_entrata, data_uscita, specie) values (11, 'Morocco', 'f', 'Alfons', '1981-04-24 10:03:54', '2021-03-18 15:03:44', '2023-01-06 00:00:00', 'Lizard desert spiny');
insert into Esemplare_Animale (codice, paese_provenienza, sesso, nome, data_nascita, data_entrata, data_uscita, specie) values (11, 'Bulgaria', 'm', 'Shanna', '2011-05-08 07:52:52', '2021-02-02 02:45:03', '2022-11-28 10:20:58', 'Dragon ornate rock');
insert into Esemplare_Animale (codice, paese_provenienza, sesso, nome, data_nascita, data_entrata, data_uscita, specie) values (11, 'Kyrgyzstan', 'm', 'Annmarie', '1990-02-22 17:23:24', '2021-05-16 17:43:46', null, 'King cormorant');
insert into Esemplare_Animale (codice, paese_provenienza, sesso, nome, data_nascita, data_entrata, data_uscita, specie) values (11, 'Ukraine', 'm', 'Steffen', '1974-03-28 01:32:39', '2021-05-24 18:46:23', '2022-02-26 18:31:13', 'American alligator');
insert into Esemplare_Animale (codice, paese_provenienza, sesso, nome, data_nascita, data_entrata, data_uscita, specie) values (11, 'Indonesia', 'm', 'Marylin', '1991-03-10 14:40:35', '2021-12-26 18:11:08', '2022-07-22 10:24:36', 'Australian magpie');
insert into Esemplare_Animale (codice, paese_provenienza, sesso, nome, data_nascita, data_entrata, data_uscita, specie) values (11, 'China', 'f', 'Rochella', '1978-03-04 07:27:24', '2021-07-23 03:47:18', '2023-05-16 20:39:01', 'Pale white-eye');
insert into Esemplare_Animale (codice, paese_provenienza, sesso, nome, data_nascita, data_entrata, data_uscita, specie) values (11, 'China', 'f', 'Linnea', '1992-09-08 03:59:25', '2021-06-27 05:38:12', '2022-05-26 22:42:01', 'Brazilian tapir');
insert into Esemplare_Animale (codice, paese_provenienza, sesso, nome, data_nascita, data_entrata, data_uscita, specie) values (11, 'Serbia', 'f', 'Herve', '1992-03-15 23:52:09', '2021-02-24 19:25:33', '2022-12-09 23:05:26', 'Kelp gull');
insert into Esemplare_Animale (codice, paese_provenienza, sesso, nome, data_nascita, data_entrata, data_uscita, specie) values (11, 'Indonesia', 'm', 'Shirl', '1992-01-18 15:18:27', '2021-02-11 18:14:23', '2023-12-07 11:13:17', 'African buffalo');
insert into Esemplare_Animale (codice, paese_provenienza, sesso, nome, data_nascita, data_entrata, data_uscita, specie) values (11, 'China', 'f', 'Kinny', '1972-02-10 08:03:12', '2021-11-17 21:07:04', null, 'Badger american');
insert into Esemplare_Animale (codice, paese_provenienza, sesso, nome, data_nascita, data_entrata, data_uscita, specie) values (11, 'Sweden', 'f', 'Ki', '1991-03-24 12:39:50', '2021-12-20 13:23:30', '2023-03-19 00:35:39', 'Flicker campo');
insert into Esemplare_Animale (codice, paese_provenienza, sesso, nome, data_nascita, data_entrata, data_uscita, specie) values (11, 'Turkmenistan', 'm', 'Collen', '1974-04-07 21:40:51', '2021-04-16 21:57:02', '2022-02-15 14:47:25', 'Snake unidentified');
insert into Esemplare_Animale (codice, paese_provenienza, sesso, nome, data_nascita, data_entrata, data_uscita, specie) values (11, 'China', 'f', 'Algernon', '1993-10-11 02:13:20', '2021-01-31 03:20:44', '2022-06-29 12:02:41', 'Goldeneye common');
insert into Esemplare_Animale (codice, paese_provenienza, sesso, nome, data_nascita, data_entrata, data_uscita, specie) values (11, 'China', 'm', 'Christy', '2018-11-22 15:40:18', '2021-02-14 13:33:22', '2023-01-14 10:26:27', 'Snowy owl');
insert into Esemplare_Animale (codice, paese_provenienza, sesso, nome, data_nascita, data_entrata, data_uscita, specie) values (11, 'Mexico', 'f', 'Howie', '1974-04-21 17:11:00', '2021-10-10 07:33:07', '2022-10-26 10:31:07', 'Screamer southern');
insert into Esemplare_Animale (codice, paese_provenienza, sesso, nome, data_nascita, data_entrata, data_uscita, specie) values (11, 'Poland', 'm', 'Gertrud', '1984-11-08 07:39:58', '2021-07-19 12:03:05', '2022-09-17 03:13:10', 'Constrictor eastern boa');
insert into Esemplare_Animale (codice, paese_provenienza, sesso, nome, data_nascita, data_entrata, data_uscita, specie) values (11, 'France', 'f', 'Val', '1996-02-02 19:30:51', '2021-05-14 21:17:13', '2022-09-22 10:42:34', 'Roadrunner greater');
insert into Esemplare_Animale (codice, paese_provenienza, sesso, nome, data_nascita, data_entrata, data_uscita, specie) values (11, 'Mexico', 'f', 'Spenser', '1988-03-07 19:21:58', '2021-09-26 23:18:25', '2022-05-05 15:05:45', 'Andean goose');
insert into Esemplare_Animale (codice, paese_provenienza, sesso, nome, data_nascita, data_entrata, data_uscita, specie) values (11, 'China', 'f', 'Sheridan', '2000-12-11 21:50:18', '2021-11-03 15:40:04', '2023-01-28 13:18:07', 'Radiated tortoise');
insert into Esemplare_Animale (codice, paese_provenienza, sesso, nome, data_nascita, data_entrata, data_uscita, specie) values (11, 'Peru', 'f', 'Ruthann', '1979-02-24 22:06:36', '2021-05-13 22:13:16', '2023-01-06 00:00:00', 'Two-toed sloth');
insert into Esemplare_Animale (codice, paese_provenienza, sesso, nome, data_nascita, data_entrata, data_uscita, specie) values (11, 'Morocco', 'm', 'Armstrong', '1972-07-22 17:49:05', '2021-08-16 17:52:01', '2023-09-20 20:26:13', 'Python carpet');
insert into Esemplare_Animale (codice, paese_provenienza, sesso, nome, data_nascita, data_entrata, data_uscita, specie) values (11, 'Nigeria', 'm', 'Briant', '2009-01-11 10:34:32', '2021-06-14 13:31:11', '2023-04-01 19:10:26', 'Cat long-tailed spotted');
insert into Esemplare_Animale (codice, paese_provenienza, sesso, nome, data_nascita, data_entrata, data_uscita, specie) values (11, 'Indonesia', 'f', 'Delphinia', '1973-03-31 23:42:43', '2021-04-01 13:09:04', '2022-09-20 01:21:50', 'Rattlesnake horned');
insert into Esemplare_Animale (codice, paese_provenienza, sesso, nome, data_nascita, data_entrata, data_uscita, specie) values (11, 'China', 'f', 'Coraline', '1974-03-20 01:00:20', '2021-10-13 15:19:16', null, 'Mockingbird galapagos');
insert into Esemplare_Animale (codice, paese_provenienza, sesso, nome, data_nascita, data_entrata, data_uscita, specie) values (11, 'Indonesia', 'm', 'Betsy', '2008-08-10 12:27:37', '2021-03-01 02:18:41', '2022-07-26 07:49:05', 'Buttermilk snake');
insert into Esemplare_Animale (codice, paese_provenienza, sesso, nome, data_nascita, data_entrata, data_uscita, specie) values (11, 'Ireland', 'm', 'Grayce', '1990-07-23 05:02:50', '2021-08-23 22:13:02', '2023-04-01 12:03:33', 'Red-cheeked cordon bleu');
insert into Esemplare_Animale (codice, paese_provenienza, sesso, nome, data_nascita, data_entrata, data_uscita, specie) values (11, 'Honduras', 'm', 'Delcina', '1994-07-12 05:32:24', '2021-10-07 00:50:28', '2022-04-25 17:55:10', 'Bird pied butcher');
insert into Esemplare_Animale (codice, paese_provenienza, sesso, nome, data_nascita, data_entrata, data_uscita, specie) values (11, 'Canada', 'f', 'Cozmo', '2020-12-19 15:44:11', '2021-08-26 02:30:48', '2022-01-04 08:42:39', 'Anteater giant');
insert into Esemplare_Animale (codice, paese_provenienza, sesso, nome, data_nascita, data_entrata, data_uscita, specie) values (11, 'Greece', 'm', 'Arv', '2000-03-31 03:48:20', '2021-03-25 07:31:39', '2022-04-05 12:18:20', 'Goose greylag');
insert into Esemplare_Animale (codice, paese_provenienza, sesso, nome, data_nascita, data_entrata, data_uscita, specie) values (11, 'France', 'f', 'Brand', '1996-10-20 10:01:09', '2021-02-02 08:08:53', '2022-06-24 20:24:15', 'Kangaroo western grey');
insert into Esemplare_Animale (codice, paese_provenienza, sesso, nome, data_nascita, data_entrata, data_uscita, specie) values (11, 'Indonesia', 'f', 'Rina', '2003-09-05 21:45:28', '2021-07-03 10:03:19', null, 'Racer snake');
insert into Esemplare_Animale (codice, paese_provenienza, sesso, nome, data_nascita, data_entrata, data_uscita, specie) values (11, 'Portugal', 'f', 'Casar', '2004-05-12 16:07:13', '2021-01-22 11:51:16', '2023-02-03 13:45:45', 'Worm snake unidentified');
insert into Esemplare_Animale (codice, paese_provenienza, sesso, nome, data_nascita, data_entrata, data_uscita, specie) values (11, 'Russia', 'm', 'Osbourn', '1975-02-20 11:41:30', '2021-01-22 22:21:09', '2023-07-30 04:36:02', 'Glider feathertail');
insert into Esemplare_Animale (codice, paese_provenienza, sesso, nome, data_nascita, data_entrata, data_uscita, specie) values (11, 'Greece', 'f', 'Carmita', '2007-01-13 12:33:36', '2021-07-09 20:32:36', '2022-07-30 20:50:14', 'Wapiti elk');
insert into Esemplare_Animale (codice, paese_provenienza, sesso, nome, data_nascita, data_entrata, data_uscita, specie) values (11, 'Mozambique', 'f', 'Willi', '2018-02-14 14:20:38', '2021-08-04 20:27:54', '2023-05-15 01:28:33', 'Mynah indian');
insert into Esemplare_Animale (codice, paese_provenienza, sesso, nome, data_nascita, data_entrata, data_uscita, specie) values (11, 'Sri Lanka', 'f', 'Babette', '2017-05-25 18:17:08', '2021-09-09 23:36:56', '2023-03-06 15:30:48', 'Pine siskin');
insert into Esemplare_Animale (codice, paese_provenienza, sesso, nome, data_nascita, data_entrata, data_uscita, specie) values (11, 'Poland', 'm', 'Tiphanie', '2004-05-28 14:12:31', '2021-08-30 04:40:32', null, 'African lynx');
insert into Esemplare_Animale (codice, paese_provenienza, sesso, nome, data_nascita, data_entrata, data_uscita, specie) values (11, 'Poland', 'm', 'Rivalee', '2005-09-26 16:41:06', '2021-04-05 16:16:19', '2022-09-23 17:43:04', 'Tenrec tailless');
insert into Esemplare_Animale (codice, paese_provenienza, sesso, nome, data_nascita, data_entrata, data_uscita, specie) values (12, 'Brazil', 'm', 'Donnell', '1991-11-22 14:01:36', '2021-02-13 05:52:23', '2023-12-21 19:58:34', 'White-fronted capuchin');
insert into Esemplare_Animale (codice, paese_provenienza, sesso, nome, data_nascita, data_entrata, data_uscita, specie) values (12, 'China', 'f', 'Mellisent', '2002-01-11 16:27:57', '2021-11-26 21:28:45', '2022-09-10 02:52:13', 'Southern black-backed gull');
insert into Esemplare_Animale (codice, paese_provenienza, sesso, nome, data_nascita, data_entrata, data_uscita, specie) values (12, 'Argentina', 'f', 'Jsandye', '2009-11-25 08:58:31', '2021-01-21 03:49:54', null, 'Pygmy possum');
insert into Esemplare_Animale (codice, paese_provenienza, sesso, nome, data_nascita, data_entrata, data_uscita, specie) values (12, 'Russia', 'f', 'Rustie', '2007-03-25 12:23:14', '2021-11-25 17:29:02', '2023-07-30 00:12:05', 'Mynah common');
insert into Esemplare_Animale (codice, paese_provenienza, sesso, nome, data_nascita, data_entrata, data_uscita, specie) values (12, 'Indonesia', 'f', 'Denise', '1995-03-06 20:55:28', '2021-02-12 13:11:02', '2023-05-03 04:53:52', 'Rattlesnake eastern diamondback');
insert into Esemplare_Animale (codice, paese_provenienza, sesso, nome, data_nascita, data_entrata, data_uscita, specie) values (12, 'Indonesia', 'f', 'Haley', '2016-09-02 22:18:33', '2021-08-27 10:35:37', '2023-12-02 05:16:42', 'Onager');
insert into Esemplare_Animale (codice, paese_provenienza, sesso, nome, data_nascita, data_entrata, data_uscita, specie) values (12, 'China', 'm', 'Abra', '1978-09-23 17:46:28', '2021-09-07 15:08:26', '2022-09-18 18:53:54', 'Arboral spiny rat');
insert into Esemplare_Animale (codice, paese_provenienza, sesso, nome, data_nascita, data_entrata, data_uscita, specie) values (12, 'Hungary', 'f', 'Dotti', '1978-10-08 09:05:18', '2021-01-30 18:29:09', '2022-03-29 06:04:10', 'Owl madagascar hawk');
insert into Esemplare_Animale (codice, paese_provenienza, sesso, nome, data_nascita, data_entrata, data_uscita, specie) values (12, 'China', 'f', 'Jammal', '2017-10-13 14:34:22', '2021-01-02 00:57:41', '2022-08-19 22:26:04', 'Great egret');
insert into Esemplare_Animale (codice, paese_provenienza, sesso, nome, data_nascita, data_entrata, data_uscita, specie) values (12, 'China', 'm', 'Chandal', '1999-07-24 13:46:39', '2021-02-16 07:06:58', '2022-10-19 12:30:00', 'Western bearded dragon');
insert into Esemplare_Animale (codice, paese_provenienza, sesso, nome, data_nascita, data_entrata, data_uscita, specie) values (12, 'Brazil', 'f', 'Howard', '2009-07-13 08:57:36', '2021-07-02 03:18:52', '2023-04-05 00:38:27', 'Greater sage grouse');
insert into Esemplare_Animale (codice, paese_provenienza, sesso, nome, data_nascita, data_entrata, data_uscita, specie) values (12, 'Myanmar', 'f', 'Bennie', '2016-04-17 07:53:54', '2021-10-25 02:20:50', '2023-05-08 12:28:43', 'Coot red-knobbed');
insert into Esemplare_Animale (codice, paese_provenienza, sesso, nome, data_nascita, data_entrata, data_uscita, specie) values (12, 'Norway', 'm', 'Frank', '1998-10-14 20:40:47', '2021-07-29 15:32:03', '2023-11-26 02:46:07', 'Lizard desert spiny');
insert into Esemplare_Animale (codice, paese_provenienza, sesso, nome, data_nascita, data_entrata, data_uscita, specie) values (12, 'China', 'f', 'Elli', '2007-09-27 11:22:57', '2021-01-13 16:58:27', '2022-11-01 22:21:28', 'Dragon ornate rock');
insert into Esemplare_Animale (codice, paese_provenienza, sesso, nome, data_nascita, data_entrata, data_uscita, specie) values (12, 'Cameroon', 'm', 'Lethia', '2007-01-26 08:25:07', '2021-12-23 12:18:52', null, 'King cormorant');
insert into Esemplare_Animale (codice, paese_provenienza, sesso, nome, data_nascita, data_entrata, data_uscita, specie) values (12, 'China', 'm', 'Ali', '1979-05-27 06:13:56', '2021-03-24 05:37:04', '2023-05-09 03:38:12', 'American alligator');
insert into Esemplare_Animale (codice, paese_provenienza, sesso, nome, data_nascita, data_entrata, data_uscita, specie) values (12, 'Finland', 'm', 'Alanson', '2001-05-06 21:45:04', '2021-08-18 13:20:39', '2022-11-20 02:58:38', 'Australian magpie');
insert into Esemplare_Animale (codice, paese_provenienza, sesso, nome, data_nascita, data_entrata, data_uscita, specie) values (12, 'Russia', 'f', 'Flossy', '2001-08-04 20:33:57', '2021-03-06 06:38:18', '2023-12-11 07:19:47', 'Pale white-eye');
insert into Esemplare_Animale (codice, paese_provenienza, sesso, nome, data_nascita, data_entrata, data_uscita, specie) values (12, 'United Kingdom', 'f', 'Cary', '1996-02-29 11:39:26', '2021-07-10 15:15:53', '2023-02-02 07:57:34', 'Brazilian tapir');
insert into Esemplare_Animale (codice, paese_provenienza, sesso, nome, data_nascita, data_entrata, data_uscita, specie) values (12, 'China', 'f', 'Catha', '2007-10-04 00:02:58', '2021-12-22 12:54:03', '2023-03-17 11:28:52', 'Kelp gull');
insert into Esemplare_Animale (codice, paese_provenienza, sesso, nome, data_nascita, data_entrata, data_uscita, specie) values (12, 'Philippines', 'f', 'Agathe', '1989-08-22 09:10:52', '2021-10-21 16:03:32', null, 'African buffalo');
insert into Esemplare_Animale (codice, paese_provenienza, sesso, nome, data_nascita, data_entrata, data_uscita, specie) values (12, 'China', 'f', 'Lee', '1982-01-20 16:31:14', '2021-09-14 19:16:33', '2022-06-29 20:35:40', 'Badger american');
insert into Esemplare_Animale (codice, paese_provenienza, sesso, nome, data_nascita, data_entrata, data_uscita, specie) values (12, 'Indonesia', 'm', 'Alis', '1983-07-25 15:36:45', '2021-12-11 10:38:53', '2023-06-13 22:03:15', 'Flicker campo');
insert into Esemplare_Animale (codice, paese_provenienza, sesso, nome, data_nascita, data_entrata, data_uscita, specie) values (12, 'Syria', 'm', 'Norma', '1995-08-01 20:29:53', '2021-06-10 09:04:11', '2023-03-25 22:18:05', 'Snake unidentified');
insert into Esemplare_Animale (codice, paese_provenienza, sesso, nome, data_nascita, data_entrata, data_uscita, specie) values (12, 'Poland', 'f', 'Ernesto', '2012-11-21 12:54:16', '2021-05-09 00:15:30', '2023-08-02 05:58:56', 'Goldeneye common');
insert into Esemplare_Animale (codice, paese_provenienza, sesso, nome, data_nascita, data_entrata, data_uscita, specie) values (12, 'China', 'm', 'Marcelo', '2020-02-20 04:30:23', '2021-04-03 16:34:09', '2022-09-17 05:03:34', 'Snowy owl');
insert into Esemplare_Animale (codice, paese_provenienza, sesso, nome, data_nascita, data_entrata, data_uscita, specie) values (12, 'China', 'm', 'Minne', '2018-12-27 12:04:47', '2021-04-24 23:44:05', null, 'Screamer southern');
insert into Esemplare_Animale (codice, paese_provenienza, sesso, nome, data_nascita, data_entrata, data_uscita, specie) values (12, 'Ukraine', 'f', 'Noemi', '1995-12-10 20:11:46', '2021-07-27 18:16:09', '2022-09-27 21:06:12', 'Constrictor eastern boa');
insert into Esemplare_Animale (codice, paese_provenienza, sesso, nome, data_nascita, data_entrata, data_uscita, specie) values (12, 'China', 'm', 'Billi', '2014-01-20 23:46:09', '2021-09-07 12:26:22', '2022-04-09 22:12:05', 'Roadrunner greater');
insert into Esemplare_Animale (codice, paese_provenienza, sesso, nome, data_nascita, data_entrata, data_uscita, specie) values (12, 'Armenia', 'f', 'Krispin', '2001-02-15 12:53:38', '2021-05-20 04:03:51', '2022-09-05 11:03:39', 'Andean goose');
insert into Esemplare_Animale (codice, paese_provenienza, sesso, nome, data_nascita, data_entrata, data_uscita, specie) values (12, 'Nigeria', 'f', 'Jay', '2014-02-12 17:20:08', '2021-01-01 06:10:19', null, 'Radiated tortoise');
insert into Esemplare_Animale (codice, paese_provenienza, sesso, nome, data_nascita, data_entrata, data_uscita, specie) values (12, 'Indonesia', 'f', 'Tony', '1997-02-12 02:39:51', '2021-10-22 07:15:35', '2023-07-19 15:57:21', 'Two-toed sloth');
insert into Esemplare_Animale (codice, paese_provenienza, sesso, nome, data_nascita, data_entrata, data_uscita, specie) values (12, 'China', 'f', 'Amii', '1998-10-09 07:33:24', '2021-03-05 06:52:11', '2022-04-04 11:53:45', 'Python carpet');
insert into Esemplare_Animale (codice, paese_provenienza, sesso, nome, data_nascita, data_entrata, data_uscita, specie) values (12, 'Portugal', 'f', 'Freddie', '2006-12-24 11:33:54', '2021-07-06 02:30:22', '2022-05-26 00:52:43', 'Cat long-tailed spotted');
insert into Esemplare_Animale (codice, paese_provenienza, sesso, nome, data_nascita, data_entrata, data_uscita, specie) values (12, 'Ghana', 'm', 'Diann', '2000-10-06 02:34:41', '2021-03-07 20:24:05', '2023-01-06 00:00:00', 'Rattlesnake horned');
insert into Esemplare_Animale (codice, paese_provenienza, sesso, nome, data_nascita, data_entrata, data_uscita, specie) values (12, 'Indonesia', 'f', 'Maurizia', '2000-02-12 10:00:47', '2021-10-11 08:38:10', '2023-04-21 17:18:26', 'Mockingbird galapagos');
insert into Esemplare_Animale (codice, paese_provenienza, sesso, nome, data_nascita, data_entrata, data_uscita, specie) values (12, 'Montenegro', 'm', 'Rahel', '2012-12-10 04:47:22', '2021-11-28 00:31:11', '2022-05-22 14:21:48', 'Buttermilk snake');
insert into Esemplare_Animale (codice, paese_provenienza, sesso, nome, data_nascita, data_entrata, data_uscita, specie) values (12, 'Dominican Republic', 'f', 'Ellery', '2016-12-15 07:21:53', '2021-09-18 16:40:12', '2022-07-22 18:54:19', 'Red-cheeked cordon bleu');
insert into Esemplare_Animale (codice, paese_provenienza, sesso, nome, data_nascita, data_entrata, data_uscita, specie) values (12, 'Brazil', 'f', 'Sissie', '1976-08-11 22:53:47', '2021-04-27 20:31:08', '2023-12-01 11:25:51', 'Bird pied butcher');
insert into Esemplare_Animale (codice, paese_provenienza, sesso, nome, data_nascita, data_entrata, data_uscita, specie) values (12, 'Myanmar', 'f', 'Erick', '1986-03-20 14:53:20', '2021-07-05 15:03:46', '2023-04-18 00:03:55', 'Anteater giant');
insert into Esemplare_Animale (codice, paese_provenienza, sesso, nome, data_nascita, data_entrata, data_uscita, specie) values (12, 'Indonesia', 'm', 'Gianna', '1973-07-12 22:51:56', '2021-02-28 20:04:43', '2023-02-28 13:07:41', 'Goose greylag');
insert into Esemplare_Animale (codice, paese_provenienza, sesso, nome, data_nascita, data_entrata, data_uscita, specie) values (12, 'China', 'm', 'Farrell', '2016-09-02 18:30:48', '2021-10-22 08:47:41', '2022-03-20 02:40:35', 'Kangaroo western grey');
insert into Esemplare_Animale (codice, paese_provenienza, sesso, nome, data_nascita, data_entrata, data_uscita, specie) values (12, 'Paraguay', 'm', 'Tove', '1972-11-04 17:07:34', '2021-08-24 07:49:20', '2023-04-03 14:38:41', 'Racer snake');
insert into Esemplare_Animale (codice, paese_provenienza, sesso, nome, data_nascita, data_entrata, data_uscita, specie) values (12, 'Uzbekistan', 'm', 'Haydon', '1995-12-26 13:07:32', '2021-08-31 04:16:23', '2022-04-02 19:02:49', 'Worm snake unidentified');
insert into Esemplare_Animale (codice, paese_provenienza, sesso, nome, data_nascita, data_entrata, data_uscita, specie) values (12, 'Brazil', 'f', 'Cammi', '1980-03-27 21:34:03', '2021-08-31 11:22:19', '2022-02-03 12:31:56', 'Glider feathertail');
insert into Esemplare_Animale (codice, paese_provenienza, sesso, nome, data_nascita, data_entrata, data_uscita, specie) values (12, 'United States', 'm', 'Ive', '1980-01-12 06:45:11', '2021-01-24 19:21:56', null, 'Wapiti elk');
insert into Esemplare_Animale (codice, paese_provenienza, sesso, nome, data_nascita, data_entrata, data_uscita, specie) values (12, 'Nigeria', 'm', 'Cassi', '2013-09-13 18:27:12', '2021-02-02 07:32:17', '2023-11-23 06:35:50', 'Mynah indian');
insert into Esemplare_Animale (codice, paese_provenienza, sesso, nome, data_nascita, data_entrata, data_uscita, specie) values (12, 'Indonesia', 'm', 'Donnie', '2013-07-18 20:30:53', '2021-08-15 05:36:14', '2023-08-25 21:26:24', 'Pine siskin');
insert into Esemplare_Animale (codice, paese_provenienza, sesso, nome, data_nascita, data_entrata, data_uscita, specie) values (12, 'South Africa', 'f', 'Annalee', '1975-03-20 14:52:06', '2021-10-01 01:13:16', '2023-09-12 05:26:07', 'African lynx');
insert into Esemplare_Animale (codice, paese_provenienza, sesso, nome, data_nascita, data_entrata, data_uscita, specie) values (12, 'Sweden', 'm', 'Sanson', '1976-06-26 03:27:30', '2021-07-08 16:42:37', '2023-06-11 13:26:58', 'Tenrec tailless');
insert into Esemplare_Animale (codice, paese_provenienza, sesso, nome, data_nascita, data_entrata, data_uscita, specie) values (13, 'Netherlands', 'f', 'Sibby', '1980-08-03 19:48:43', '2021-11-08 03:12:30', '2022-05-10 14:02:38', 'White-fronted capuchin');
insert into Esemplare_Animale (codice, paese_provenienza, sesso, nome, data_nascita, data_entrata, data_uscita, specie) values (13, 'Brazil', 'm', 'Alis', '2018-11-27 13:42:28', '2021-05-07 20:05:45', '2023-06-14 11:33:10', 'Southern black-backed gull');
insert into Esemplare_Animale (codice, paese_provenienza, sesso, nome, data_nascita, data_entrata, data_uscita, specie) values (13, 'Colombia', 'f', 'Alysia', '2005-01-04 15:12:32', '2021-08-15 13:05:40', '2023-03-01 01:16:00', 'Pygmy possum');
insert into Esemplare_Animale (codice, paese_provenienza, sesso, nome, data_nascita, data_entrata, data_uscita, specie) values (13, 'Brazil', 'f', 'Mufi', '1975-07-07 06:02:36', '2021-01-14 16:37:37', '2023-09-27 01:22:30', 'Mynah common');
insert into Esemplare_Animale (codice, paese_provenienza, sesso, nome, data_nascita, data_entrata, data_uscita, specie) values (13, 'Japan', 'f', 'Stacy', '2015-07-27 03:25:58', '2021-08-20 03:44:55', '2023-01-09 12:50:46', 'Rattlesnake eastern diamondback');
insert into Esemplare_Animale (codice, paese_provenienza, sesso, nome, data_nascita, data_entrata, data_uscita, specie) values (13, 'Peru', 'f', 'Maurise', '1985-05-16 05:18:45', '2021-09-16 10:35:19', '2023-02-04 09:15:45', 'Onager');
insert into Esemplare_Animale (codice, paese_provenienza, sesso, nome, data_nascita, data_entrata, data_uscita, specie) values (13, 'Syria', 'm', 'Kalil', '2017-08-10 04:21:08', '2021-08-05 05:10:14', '2023-05-21 02:46:08', 'Arboral spiny rat');
insert into Esemplare_Animale (codice, paese_provenienza, sesso, nome, data_nascita, data_entrata, data_uscita, specie) values (13, 'Portugal', 'f', 'Bamby', '1973-06-08 07:16:46', '2021-02-16 10:35:47', '2022-08-25 21:41:32', 'Owl madagascar hawk');
insert into Esemplare_Animale (codice, paese_provenienza, sesso, nome, data_nascita, data_entrata, data_uscita, specie) values (13, 'Guinea-Bissau', 'f', 'Wilfred', '1981-06-27 11:09:06', '2021-10-17 23:54:02', '2022-07-12 01:05:54', 'Great egret');
insert into Esemplare_Animale (codice, paese_provenienza, sesso, nome, data_nascita, data_entrata, data_uscita, specie) values (13, 'Thailand', 'm', 'Carlene', '1990-02-02 07:51:39', '2021-04-08 22:56:46', '2023-08-29 09:59:35', 'Western bearded dragon');
insert into Esemplare_Animale (codice, paese_provenienza, sesso, nome, data_nascita, data_entrata, data_uscita, specie) values (13, 'Croatia', 'm', 'Brien', '2000-11-03 17:41:12', '2021-09-21 11:11:47', '2022-09-17 21:37:35', 'Greater sage grouse');
insert into Esemplare_Animale (codice, paese_provenienza, sesso, nome, data_nascita, data_entrata, data_uscita, specie) values (13, 'China', 'm', 'Yasmeen', '2009-01-20 23:43:47', '2021-10-17 12:01:21', '2022-08-03 20:58:23', 'Coot red-knobbed');
insert into Esemplare_Animale (codice, paese_provenienza, sesso, nome, data_nascita, data_entrata, data_uscita, specie) values (13, 'Brazil', 'f', 'Emmie', '2010-11-23 11:44:56', '2021-01-14 17:50:10', '2022-12-20 06:16:30', 'Lizard desert spiny');
insert into Esemplare_Animale (codice, paese_provenienza, sesso, nome, data_nascita, data_entrata, data_uscita, specie) values (13, 'Indonesia', 'f', 'Silvester', '2017-10-18 23:42:44', '2021-08-08 16:23:37', '2023-07-25 09:08:57', 'Dragon ornate rock');
insert into Esemplare_Animale (codice, paese_provenienza, sesso, nome, data_nascita, data_entrata, data_uscita, specie) values (13, 'Sweden', 'm', 'Merrily', '1972-02-08 10:45:39', '2021-10-12 02:32:39', null, 'King cormorant');
insert into Esemplare_Animale (codice, paese_provenienza, sesso, nome, data_nascita, data_entrata, data_uscita, specie) values (13, 'Peru', 'm', 'Starlin', '2012-12-27 17:52:29', '2021-01-07 23:24:24', '2022-10-24 02:00:25', 'American alligator');
insert into Esemplare_Animale (codice, paese_provenienza, sesso, nome, data_nascita, data_entrata, data_uscita, specie) values (13, 'Mali', 'm', 'Nikaniki', '1990-03-29 01:26:51', '2021-05-16 02:46:30', '2022-09-14 08:59:56', 'Australian magpie');
insert into Esemplare_Animale (codice, paese_provenienza, sesso, nome, data_nascita, data_entrata, data_uscita, specie) values (13, 'Vietnam', 'm', 'Frederic', '1980-06-10 02:24:56', '2021-08-18 02:54:43', null, 'Pale white-eye');
insert into Esemplare_Animale (codice, paese_provenienza, sesso, nome, data_nascita, data_entrata, data_uscita, specie) values (13, 'Brazil', 'm', 'Jo-ann', '1973-12-22 19:54:55', '2021-02-20 20:44:24', null, 'Brazilian tapir');
insert into Esemplare_Animale (codice, paese_provenienza, sesso, nome, data_nascita, data_entrata, data_uscita, specie) values (13, 'New Zealand', 'f', 'Sigfried', '1993-03-05 05:57:57', '2021-01-29 03:00:13', null, 'Kelp gull');
insert into Esemplare_Animale (codice, paese_provenienza, sesso, nome, data_nascita, data_entrata, data_uscita, specie) values (13, 'Serbia', 'f', 'Cristin', '2003-04-29 11:40:21', '2021-01-17 02:18:14', null, 'African buffalo');
insert into Esemplare_Animale (codice, paese_provenienza, sesso, nome, data_nascita, data_entrata, data_uscita, specie) values (13, 'Egypt', 'f', 'Julianne', '2020-11-13 03:02:42', '2021-05-19 10:33:22', '2023-03-02 08:57:11', 'Badger american');
insert into Esemplare_Animale (codice, paese_provenienza, sesso, nome, data_nascita, data_entrata, data_uscita, specie) values (13, 'China', 'm', 'Pincus', '1986-09-17 00:22:50', '2021-12-25 10:03:52', '2023-08-13 15:43:33', 'Flicker campo');
insert into Esemplare_Animale (codice, paese_provenienza, sesso, nome, data_nascita, data_entrata, data_uscita, specie) values (13, 'China', 'm', 'Willie', '2007-09-01 16:08:33', '2021-02-22 23:42:43', '2023-06-25 17:31:21', 'Snake unidentified');
insert into Esemplare_Animale (codice, paese_provenienza, sesso, nome, data_nascita, data_entrata, data_uscita, specie) values (13, 'Portugal', 'm', 'Agnes', '1975-05-15 18:40:37', '2021-05-14 08:39:27', '2022-06-05 18:18:40', 'Goldeneye common');
insert into Esemplare_Animale (codice, paese_provenienza, sesso, nome, data_nascita, data_entrata, data_uscita, specie) values (13, 'Philippines', 'f', 'Jacklyn', '2004-08-29 20:10:12', '2021-01-25 06:29:24', '2022-01-26 13:12:55', 'Snowy owl');
insert into Esemplare_Animale (codice, paese_provenienza, sesso, nome, data_nascita, data_entrata, data_uscita, specie) values (13, 'Brazil', 'm', 'Esme', '2001-04-25 00:25:22', '2021-06-26 18:38:25', '2023-07-28 07:52:51', 'Screamer southern');
insert into Esemplare_Animale (codice, paese_provenienza, sesso, nome, data_nascita, data_entrata, data_uscita, specie) values (13, 'Iraq', 'm', 'Dick', '2010-12-17 22:21:33', '2021-03-01 06:08:42', '2023-01-31 21:57:46', 'Constrictor eastern boa');
insert into Esemplare_Animale (codice, paese_provenienza, sesso, nome, data_nascita, data_entrata, data_uscita, specie) values (13, 'Macedonia', 'm', 'Fidole', '1979-05-31 05:24:02', '2021-07-28 11:10:14', '2022-08-11 08:14:34', 'Roadrunner greater');
insert into Esemplare_Animale (codice, paese_provenienza, sesso, nome, data_nascita, data_entrata, data_uscita, specie) values (13, 'Russia', 'm', 'Edsel', '2016-08-07 23:14:29', '2021-09-08 07:50:37', '2022-07-27 09:45:48', 'Andean goose');
insert into Esemplare_Animale (codice, paese_provenienza, sesso, nome, data_nascita, data_entrata, data_uscita, specie) values (13, 'Indonesia', 'f', 'Mommy', '1995-03-17 11:16:41', '2021-06-01 21:37:23', null, 'Radiated tortoise');
insert into Esemplare_Animale (codice, paese_provenienza, sesso, nome, data_nascita, data_entrata, data_uscita, specie) values (13, 'Philippines', 'm', 'Jareb', '2020-11-07 21:49:55', '2021-08-06 06:32:05', '2022-03-15 15:35:18', 'Two-toed sloth');
insert into Esemplare_Animale (codice, paese_provenienza, sesso, nome, data_nascita, data_entrata, data_uscita, specie) values (13, 'United States', 'm', 'Odetta', '1998-05-10 05:00:54', '2021-04-24 12:55:22', '2022-10-13 04:16:53', 'Python carpet');
insert into Esemplare_Animale (codice, paese_provenienza, sesso, nome, data_nascita, data_entrata, data_uscita, specie) values (13, 'Nigeria', 'm', 'Loralee', '2015-05-14 02:55:47', '2021-07-24 17:46:03', '2022-12-18 14:52:29', 'Cat long-tailed spotted');
insert into Esemplare_Animale (codice, paese_provenienza, sesso, nome, data_nascita, data_entrata, data_uscita, specie) values (13, 'China', 'f', 'Leah', '1992-08-20 17:36:16', '2021-06-07 16:21:39', '2023-03-07 14:20:10', 'Rattlesnake horned');
insert into Esemplare_Animale (codice, paese_provenienza, sesso, nome, data_nascita, data_entrata, data_uscita, specie) values (13, 'Philippines', 'm', 'Verena', '2000-09-17 07:35:59', '2021-09-26 14:43:31', null, 'Mockingbird galapagos');
insert into Esemplare_Animale (codice, paese_provenienza, sesso, nome, data_nascita, data_entrata, data_uscita, specie) values (13, 'Colombia', 'f', 'Glory', '1983-03-06 23:15:52', '2021-03-20 06:44:54', '2022-01-02 10:44:29', 'Buttermilk snake');
insert into Esemplare_Animale (codice, paese_provenienza, sesso, nome, data_nascita, data_entrata, data_uscita, specie) values (13, 'Indonesia', 'm', 'Morly', '2009-08-02 16:04:20', '2021-05-26 19:22:39', '2023-01-06 00:00:00', 'Red-cheeked cordon bleu');
insert into Esemplare_Animale (codice, paese_provenienza, sesso, nome, data_nascita, data_entrata, data_uscita, specie) values (13, 'Philippines', 'm', 'Tuck', '2011-09-01 17:53:57', '2021-06-21 18:20:19', '2022-04-23 02:04:12', 'Bird pied butcher');
insert into Esemplare_Animale (codice, paese_provenienza, sesso, nome, data_nascita, data_entrata, data_uscita, specie) values (13, 'Indonesia', 'm', 'Dugald', '2000-08-12 02:33:08', '2021-07-26 00:23:22', '2023-01-06 00:00:00', 'Anteater giant');
insert into Esemplare_Animale (codice, paese_provenienza, sesso, nome, data_nascita, data_entrata, data_uscita, specie) values (13, 'Indonesia', 'f', 'Tatum', '2007-08-24 15:17:23', '2021-10-16 12:01:20', '2023-02-07 23:40:23', 'Goose greylag');
insert into Esemplare_Animale (codice, paese_provenienza, sesso, nome, data_nascita, data_entrata, data_uscita, specie) values (13, 'Russia', 'f', 'Robert', '1979-05-25 10:01:23', '2021-07-08 16:41:57', null, 'Kangaroo western grey');
insert into Esemplare_Animale (codice, paese_provenienza, sesso, nome, data_nascita, data_entrata, data_uscita, specie) values (13, 'China', 'm', 'Ailyn', '1980-05-08 00:48:48', '2021-10-08 00:48:39', '2022-07-03 10:15:36', 'Racer snake');
insert into Esemplare_Animale (codice, paese_provenienza, sesso, nome, data_nascita, data_entrata, data_uscita, specie) values (13, 'Chile', 'm', 'Lester', '1985-01-29 20:38:25', '2021-07-11 10:03:25', '2022-12-03 13:00:48', 'Worm snake unidentified');
insert into Esemplare_Animale (codice, paese_provenienza, sesso, nome, data_nascita, data_entrata, data_uscita, specie) values (13, 'United Kingdom', 'm', 'Mora', '2015-04-14 05:03:56', '2021-08-27 23:20:07', null, 'Glider feathertail');
insert into Esemplare_Animale (codice, paese_provenienza, sesso, nome, data_nascita, data_entrata, data_uscita, specie) values (13, 'Portugal', 'f', 'Alyson', '2009-04-22 00:09:55', '2021-05-07 11:14:13', '2022-05-09 15:34:54', 'Wapiti elk');
insert into Esemplare_Animale (codice, paese_provenienza, sesso, nome, data_nascita, data_entrata, data_uscita, specie) values (13, 'Switzerland', 'f', 'Emelen', '2010-07-31 21:20:28', '2021-09-29 01:56:41', '2023-08-11 20:16:43', 'Mynah indian');
insert into Esemplare_Animale (codice, paese_provenienza, sesso, nome, data_nascita, data_entrata, data_uscita, specie) values (13, 'Japan', 'f', 'Pepi', '1993-07-27 18:39:13', '2021-01-09 23:27:32', '2023-09-04 13:03:47', 'Pine siskin');
insert into Esemplare_Animale (codice, paese_provenienza, sesso, nome, data_nascita, data_entrata, data_uscita, specie) values (13, 'Indonesia', 'f', 'Lydon', '1989-02-10 19:27:14', '2021-06-13 23:28:16', '2022-05-05 04:08:58', 'African lynx');
insert into Esemplare_Animale (codice, paese_provenienza, sesso, nome, data_nascita, data_entrata, data_uscita, specie) values (13, 'Argentina', 'm', 'Rena', '1972-08-13 05:00:55', '2021-04-28 18:25:49', null, 'Tenrec tailless');
insert into Esemplare_Animale (codice, paese_provenienza, sesso, nome, data_nascita, data_entrata, data_uscita, specie) values (14, 'Peru', 'f', 'Maxy', '1989-06-07 13:38:37', '2021-08-28 19:57:03', null, 'White-fronted capuchin');
insert into Esemplare_Animale (codice, paese_provenienza, sesso, nome, data_nascita, data_entrata, data_uscita, specie) values (14, 'Russia', 'm', 'Emiline', '2002-11-19 16:25:59', '2021-02-16 11:14:33', '2022-03-28 06:33:55', 'Southern black-backed gull');
insert into Esemplare_Animale (codice, paese_provenienza, sesso, nome, data_nascita, data_entrata, data_uscita, specie) values (14, 'Russia', 'm', 'Lindsey', '1991-09-25 18:23:43', '2021-06-10 13:09:10', null, 'Pygmy possum');
insert into Esemplare_Animale (codice, paese_provenienza, sesso, nome, data_nascita, data_entrata, data_uscita, specie) values (14, 'Canada', 'f', 'Ludwig', '1997-11-20 17:57:08', '2021-11-02 20:45:10', '2023-08-08 11:29:06', 'Mynah common');
insert into Esemplare_Animale (codice, paese_provenienza, sesso, nome, data_nascita, data_entrata, data_uscita, specie) values (14, 'Ukraine', 'm', 'Marie-ann', '2004-07-21 05:35:07', '2021-12-25 16:50:20', null, 'Rattlesnake eastern diamondback');
insert into Esemplare_Animale (codice, paese_provenienza, sesso, nome, data_nascita, data_entrata, data_uscita, specie) values (14, 'Russia', 'f', 'Carlita', '1992-01-17 02:14:53', '2021-05-15 04:15:14', '2022-07-26 23:46:29', 'Onager');
insert into Esemplare_Animale (codice, paese_provenienza, sesso, nome, data_nascita, data_entrata, data_uscita, specie) values (14, 'Sweden', 'f', 'Farrell', '2020-12-25 22:01:24', '2021-02-07 06:51:02', '2022-11-01 14:27:55', 'Arboral spiny rat');
insert into Esemplare_Animale (codice, paese_provenienza, sesso, nome, data_nascita, data_entrata, data_uscita, specie) values (14, 'Colombia', 'f', 'Ronnie', '1976-08-12 17:46:57', '2021-04-18 15:06:23', '2022-11-28 23:57:24', 'Owl madagascar hawk');
insert into Esemplare_Animale (codice, paese_provenienza, sesso, nome, data_nascita, data_entrata, data_uscita, specie) values (14, 'France', 'f', 'Kirbee', '2018-06-26 19:32:12', '2021-06-29 10:13:31', '2022-07-27 05:59:30', 'Great egret');
insert into Esemplare_Animale (codice, paese_provenienza, sesso, nome, data_nascita, data_entrata, data_uscita, specie) values (14, 'Finland', 'f', 'Andra', '1979-01-03 06:05:26', '2021-08-24 15:55:33', '2023-02-02 02:14:43', 'Western bearded dragon');
insert into Esemplare_Animale (codice, paese_provenienza, sesso, nome, data_nascita, data_entrata, data_uscita, specie) values (14, 'Philippines', 'f', 'Dorthea', '1979-12-08 21:43:05', '2021-07-19 21:00:37', '2023-10-22 16:41:16', 'Greater sage grouse');
insert into Esemplare_Animale (codice, paese_provenienza, sesso, nome, data_nascita, data_entrata, data_uscita, specie) values (14, 'Poland', 'm', 'Dena', '2001-01-31 08:14:50', '2021-02-02 02:51:07', '2023-07-15 02:43:37', 'Coot red-knobbed');
insert into Esemplare_Animale (codice, paese_provenienza, sesso, nome, data_nascita, data_entrata, data_uscita, specie) values (14, 'China', 'f', 'Mitchael', '1988-01-30 18:53:43', '2021-01-11 15:11:40', '2022-02-01 05:49:42', 'Lizard desert spiny');
insert into Esemplare_Animale (codice, paese_provenienza, sesso, nome, data_nascita, data_entrata, data_uscita, specie) values (14, 'Russia', 'm', 'Mohandas', '2010-11-25 06:39:59', '2021-07-08 16:13:18', '2023-08-20 04:05:05', 'Dragon ornate rock');
insert into Esemplare_Animale (codice, paese_provenienza, sesso, nome, data_nascita, data_entrata, data_uscita, specie) values (14, 'China', 'f', 'Brandais', '2013-10-31 05:56:31', '2021-06-27 11:34:13', '2022-08-11 05:51:46', 'King cormorant');
insert into Esemplare_Animale (codice, paese_provenienza, sesso, nome, data_nascita, data_entrata, data_uscita, specie) values (14, 'Japan', 'f', 'Rina', '1989-06-21 15:36:19', '2021-05-26 23:49:30', null, 'American alligator');
insert into Esemplare_Animale (codice, paese_provenienza, sesso, nome, data_nascita, data_entrata, data_uscita, specie) values (14, 'Brazil', 'm', 'Nata', '1980-02-14 13:51:21', '2021-09-07 06:21:35', '2022-07-25 03:05:35', 'Australian magpie');
insert into Esemplare_Animale (codice, paese_provenienza, sesso, nome, data_nascita, data_entrata, data_uscita, specie) values (14, 'Czech Republic', 'f', 'Stephana', '2020-09-26 02:09:45', '2021-05-22 11:18:55', null, 'Pale white-eye');
insert into Esemplare_Animale (codice, paese_provenienza, sesso, nome, data_nascita, data_entrata, data_uscita, specie) values (14, 'Japan', 'f', 'Weston', '2008-07-01 21:00:40', '2021-10-10 19:31:40', '2022-07-08 06:12:22', 'Brazilian tapir');
insert into Esemplare_Animale (codice, paese_provenienza, sesso, nome, data_nascita, data_entrata, data_uscita, specie) values (14, 'Czech Republic', 'f', 'Cornela', '1999-12-10 13:29:03', '2021-05-29 01:55:32', '2022-01-29 20:28:22', 'Kelp gull');
insert into Esemplare_Animale (codice, paese_provenienza, sesso, nome, data_nascita, data_entrata, data_uscita, specie) values (14, 'Indonesia', 'f', 'Salli', '2010-01-29 06:02:59', '2021-05-16 01:26:38', '2022-12-15 16:50:20', 'African buffalo');
insert into Esemplare_Animale (codice, paese_provenienza, sesso, nome, data_nascita, data_entrata, data_uscita, specie) values (14, 'Peru', 'm', 'Cory', '1978-04-26 04:22:36', '2021-06-13 13:48:36', '2023-02-06 03:46:45', 'Badger american');
insert into Esemplare_Animale (codice, paese_provenienza, sesso, nome, data_nascita, data_entrata, data_uscita, specie) values (14, 'Sri Lanka', 'f', 'Langston', '2005-09-05 05:49:17', '2021-05-13 16:16:18', '2023-07-13 10:23:17', 'Flicker campo');
insert into Esemplare_Animale (codice, paese_provenienza, sesso, nome, data_nascita, data_entrata, data_uscita, specie) values (14, 'Indonesia', 'm', 'Cairistiona', '2015-07-21 03:45:47', '2021-12-08 20:44:04', null, 'Snake unidentified');
insert into Esemplare_Animale (codice, paese_provenienza, sesso, nome, data_nascita, data_entrata, data_uscita, specie) values (14, 'Colombia', 'f', 'Abramo', '1986-08-16 12:32:55', '2021-06-20 02:34:45', '2023-06-17 17:03:53', 'Goldeneye common');
insert into Esemplare_Animale (codice, paese_provenienza, sesso, nome, data_nascita, data_entrata, data_uscita, specie) values (14, 'Russia', 'f', 'Mag', '2019-08-31 00:32:13', '2021-08-31 00:45:38', '2023-07-25 00:08:45', 'Snowy owl');
insert into Esemplare_Animale (codice, paese_provenienza, sesso, nome, data_nascita, data_entrata, data_uscita, specie) values (14, 'China', 'f', 'Hollie', '2014-09-13 16:06:20', '2021-12-18 06:51:54', '2023-06-12 21:44:31', 'Screamer southern');
insert into Esemplare_Animale (codice, paese_provenienza, sesso, nome, data_nascita, data_entrata, data_uscita, specie) values (14, 'South Africa', 'f', 'Misha', '2002-09-03 07:27:16', '2021-01-28 01:15:29', null, 'Constrictor eastern boa');
insert into Esemplare_Animale (codice, paese_provenienza, sesso, nome, data_nascita, data_entrata, data_uscita, specie) values (14, 'China', 'f', 'Karry', '2019-04-20 12:03:55', '2021-08-31 02:03:23', null, 'Roadrunner greater');
insert into Esemplare_Animale (codice, paese_provenienza, sesso, nome, data_nascita, data_entrata, data_uscita, specie) values (14, 'Pakistan', 'f', 'Alison', '2011-03-14 20:41:16', '2021-01-25 03:24:45', '2023-02-15 16:14:47', 'Andean goose');
insert into Esemplare_Animale (codice, paese_provenienza, sesso, nome, data_nascita, data_entrata, data_uscita, specie) values (14, 'Philippines', 'm', 'Ethyl', '2006-08-14 07:03:09', '2021-08-01 12:54:16', '2023-04-10 18:50:43', 'Radiated tortoise');
insert into Esemplare_Animale (codice, paese_provenienza, sesso, nome, data_nascita, data_entrata, data_uscita, specie) values (14, 'Vietnam', 'f', 'Bridie', '2019-02-09 14:01:23', '2021-02-21 20:35:24', '2022-10-27 05:28:31', 'Two-toed sloth');
insert into Esemplare_Animale (codice, paese_provenienza, sesso, nome, data_nascita, data_entrata, data_uscita, specie) values (14, 'China', 'm', 'Tiler', '2003-05-31 05:17:34', '2021-04-11 08:18:03', '2022-07-07 03:54:15', 'Python carpet');
insert into Esemplare_Animale (codice, paese_provenienza, sesso, nome, data_nascita, data_entrata, data_uscita, specie) values (14, 'Indonesia', 'm', 'Brice', '1995-06-28 13:11:08', '2021-12-25 23:45:45', '2022-05-26 20:16:44', 'Cat long-tailed spotted');
insert into Esemplare_Animale (codice, paese_provenienza, sesso, nome, data_nascita, data_entrata, data_uscita, specie) values (14, 'Finland', 'm', 'Ralph', '1980-07-23 19:12:35', '2021-08-16 09:04:00', '2023-09-26 08:00:30', 'Rattlesnake horned');
insert into Esemplare_Animale (codice, paese_provenienza, sesso, nome, data_nascita, data_entrata, data_uscita, specie) values (14, 'China', 'm', 'Joyan', '1987-08-05 20:52:45', '2021-09-17 13:04:25', null, 'Mockingbird galapagos');
insert into Esemplare_Animale (codice, paese_provenienza, sesso, nome, data_nascita, data_entrata, data_uscita, specie) values (14, 'Djibouti', 'f', 'Tarah', '2010-09-05 02:29:10', '2021-04-17 03:42:09', null, 'Buttermilk snake');
insert into Esemplare_Animale (codice, paese_provenienza, sesso, nome, data_nascita, data_entrata, data_uscita, specie) values (14, 'Colombia', 'm', 'Morty', '2009-06-03 10:41:24', '2021-01-06 16:28:04', '2022-06-01 22:13:25', 'Red-cheeked cordon bleu');
insert into Esemplare_Animale (codice, paese_provenienza, sesso, nome, data_nascita, data_entrata, data_uscita, specie) values (14, 'Madagascar', 'm', 'Virgie', '1995-12-04 02:14:30', '2021-04-17 06:46:06', null, 'Bird pied butcher');
insert into Esemplare_Animale (codice, paese_provenienza, sesso, nome, data_nascita, data_entrata, data_uscita, specie) values (14, 'Indonesia', 'm', 'Fionnula', '1974-06-29 14:22:10', '2021-04-13 06:24:46', '2023-01-06 00:00:00', 'Anteater giant');
insert into Esemplare_Animale (codice, paese_provenienza, sesso, nome, data_nascita, data_entrata, data_uscita, specie) values (14, 'China', 'f', 'Candace', '2017-08-15 16:53:10', '2021-08-19 18:29:03', '2022-09-23 01:53:22', 'Goose greylag');
insert into Esemplare_Animale (codice, paese_provenienza, sesso, nome, data_nascita, data_entrata, data_uscita, specie) values (14, 'Indonesia', 'm', 'Beverlee', '1979-12-09 00:53:08', '2021-01-01 03:07:00', '2023-03-28 18:50:22', 'Kangaroo western grey');
insert into Esemplare_Animale (codice, paese_provenienza, sesso, nome, data_nascita, data_entrata, data_uscita, specie) values (14, 'Argentina', 'm', 'Laurie', '1972-05-11 05:18:42', '2021-11-21 15:43:07', '2023-07-03 23:37:00', 'Racer snake');
insert into Esemplare_Animale (codice, paese_provenienza, sesso, nome, data_nascita, data_entrata, data_uscita, specie) values (14, 'Russia', 'f', 'Meriel', '2008-07-03 05:30:29', '2021-12-14 22:13:13', '2022-09-10 11:20:46', 'Worm snake unidentified');
insert into Esemplare_Animale (codice, paese_provenienza, sesso, nome, data_nascita, data_entrata, data_uscita, specie) values (14, 'Russia', 'm', 'Bjorn', '1997-09-26 03:42:41', '2021-04-26 03:31:33', null, 'Glider feathertail');
insert into Esemplare_Animale (codice, paese_provenienza, sesso, nome, data_nascita, data_entrata, data_uscita, specie) values (14, 'China', 'm', 'Abby', '1983-09-29 16:05:44', '2021-06-28 12:39:11', '2023-03-28 12:16:36', 'Wapiti elk');
insert into Esemplare_Animale (codice, paese_provenienza, sesso, nome, data_nascita, data_entrata, data_uscita, specie) values (14, 'Indonesia', 'm', 'Hewett', '1987-06-28 06:34:32', '2021-03-12 08:46:45', '2023-09-12 20:43:24', 'Mynah indian');
insert into Esemplare_Animale (codice, paese_provenienza, sesso, nome, data_nascita, data_entrata, data_uscita, specie) values (14, 'South Africa', 'f', 'Sandra', '2007-02-15 04:52:39', '2021-08-04 16:47:51', '2022-10-04 21:30:24', 'Pine siskin');
insert into Esemplare_Animale (codice, paese_provenienza, sesso, nome, data_nascita, data_entrata, data_uscita, specie) values (14, 'France', 'm', 'Barbee', '2014-10-12 11:56:49', '2021-06-25 11:57:25', '2023-12-24 03:20:28', 'African lynx');
insert into Esemplare_Animale (codice, paese_provenienza, sesso, nome, data_nascita, data_entrata, data_uscita, specie) values (14, 'South Korea', 'm', 'Gannon', '1974-11-26 10:17:15', '2021-05-19 20:50:49', '2022-03-05 21:56:50', 'Tenrec tailless');
insert into Esemplare_Animale (codice, paese_provenienza, sesso, nome, data_nascita, data_entrata, data_uscita, specie) values (15, 'Mexico', 'm', 'Melantha', '1974-10-20 03:19:36', '2021-08-05 23:09:55', '2023-07-03 08:30:43', 'White-fronted capuchin');
insert into Esemplare_Animale (codice, paese_provenienza, sesso, nome, data_nascita, data_entrata, data_uscita, specie) values (15, 'Nigeria', 'f', 'Rickey', '1999-01-27 02:29:49', '2021-10-14 17:34:20', '2023-06-13 21:11:28', 'Southern black-backed gull');
insert into Esemplare_Animale (codice, paese_provenienza, sesso, nome, data_nascita, data_entrata, data_uscita, specie) values (15, 'Thailand', 'f', 'Federico', '2006-12-31 02:22:59', '2021-11-18 02:58:10', null, 'Pygmy possum');
insert into Esemplare_Animale (codice, paese_provenienza, sesso, nome, data_nascita, data_entrata, data_uscita, specie) values (15, 'France', 'f', 'Errol', '2009-05-17 10:49:06', '2021-03-11 02:06:17', '2022-08-09 11:34:43', 'Mynah common');
insert into Esemplare_Animale (codice, paese_provenienza, sesso, nome, data_nascita, data_entrata, data_uscita, specie) values (15, 'Czech Republic', 'm', 'Shirline', '2005-08-10 13:13:00', '2021-07-07 01:25:14', '2023-08-13 23:57:50', 'Rattlesnake eastern diamondback');
insert into Esemplare_Animale (codice, paese_provenienza, sesso, nome, data_nascita, data_entrata, data_uscita, specie) values (15, 'Russia', 'f', 'Jules', '1977-02-10 09:16:37', '2021-11-24 12:57:45', '2023-08-13 03:23:09', 'Onager');
insert into Esemplare_Animale (codice, paese_provenienza, sesso, nome, data_nascita, data_entrata, data_uscita, specie) values (15, 'Indonesia', 'f', 'Eugen', '2020-12-07 06:37:51', '2021-09-29 13:09:18', '2023-07-11 22:16:29', 'Arboral spiny rat');
insert into Esemplare_Animale (codice, paese_provenienza, sesso, nome, data_nascita, data_entrata, data_uscita, specie) values (15, 'China', 'm', 'Nike', '2012-11-14 01:45:28', '2021-10-08 04:24:39', '2022-12-19 08:03:17', 'Owl madagascar hawk');
insert into Esemplare_Animale (codice, paese_provenienza, sesso, nome, data_nascita, data_entrata, data_uscita, specie) values (15, 'Russia', 'f', 'Maridel', '1974-11-05 14:44:19', '2021-03-21 23:02:37', '2023-09-23 05:10:03', 'Great egret');
insert into Esemplare_Animale (codice, paese_provenienza, sesso, nome, data_nascita, data_entrata, data_uscita, specie) values (15, 'Colombia', 'm', 'Clementia', '1993-01-28 00:02:00', '2021-10-08 06:55:50', '2022-12-17 22:39:08', 'Western bearded dragon');
insert into Esemplare_Animale (codice, paese_provenienza, sesso, nome, data_nascita, data_entrata, data_uscita, specie) values (15, 'Greece', 'f', 'Harlen', '2001-12-01 07:25:36', '2021-06-25 21:37:46', '2023-11-16 16:02:06', 'Greater sage grouse');
insert into Esemplare_Animale (codice, paese_provenienza, sesso, nome, data_nascita, data_entrata, data_uscita, specie) values (15, 'Peru', 'm', 'Kenton', '1992-08-01 07:24:33', '2021-01-24 07:28:07', '2022-08-19 09:42:40', 'Coot red-knobbed');
insert into Esemplare_Animale (codice, paese_provenienza, sesso, nome, data_nascita, data_entrata, data_uscita, specie) values (15, 'China', 'f', 'Gan', '1978-02-20 05:04:57', '2021-02-25 07:58:52', '2022-05-22 07:10:08', 'Lizard desert spiny');
insert into Esemplare_Animale (codice, paese_provenienza, sesso, nome, data_nascita, data_entrata, data_uscita, specie) values (15, 'Bangladesh', 'm', 'Tymon', '1974-09-19 12:46:47', '2021-05-13 01:52:31', '2023-01-23 02:18:01', 'Dragon ornate rock');
insert into Esemplare_Animale (codice, paese_provenienza, sesso, nome, data_nascita, data_entrata, data_uscita, specie) values (15, 'Luxembourg', 'f', 'Alexandre', '1987-06-21 02:39:47', '2021-02-04 19:51:44', null, 'King cormorant');
insert into Esemplare_Animale (codice, paese_provenienza, sesso, nome, data_nascita, data_entrata, data_uscita, specie) values (15, 'France', 'm', 'Heloise', '1987-05-30 18:56:18', '2021-01-06 20:41:48', null, 'American alligator');
insert into Esemplare_Animale (codice, paese_provenienza, sesso, nome, data_nascita, data_entrata, data_uscita, specie) values (15, 'China', 'f', 'Cort', '2020-08-17 06:14:56', '2021-05-12 06:26:30', '2023-03-06 19:40:39', 'Australian magpie');
insert into Esemplare_Animale (codice, paese_provenienza, sesso, nome, data_nascita, data_entrata, data_uscita, specie) values (15, 'Spain', 'f', 'Mariellen', '1982-02-27 20:27:19', '2021-12-08 14:41:25', '2023-03-14 20:18:27', 'Pale white-eye');
insert into Esemplare_Animale (codice, paese_provenienza, sesso, nome, data_nascita, data_entrata, data_uscita, specie) values (15, 'Greece', 'm', 'Fabien', '1987-09-21 13:33:59', '2021-10-24 10:19:28', '2022-12-25 02:57:43', 'Brazilian tapir');
insert into Esemplare_Animale (codice, paese_provenienza, sesso, nome, data_nascita, data_entrata, data_uscita, specie) values (15, 'Malaysia', 'm', 'Olenolin', '1974-05-12 17:34:38', '2021-01-20 18:55:25', '2022-08-20 01:47:11', 'Kelp gull');
insert into Esemplare_Animale (codice, paese_provenienza, sesso, nome, data_nascita, data_entrata, data_uscita, specie) values (15, 'Russia', 'm', 'Elsy', '2007-09-15 07:13:06', '2021-10-15 15:44:00', null, 'African buffalo');
insert into Esemplare_Animale (codice, paese_provenienza, sesso, nome, data_nascita, data_entrata, data_uscita, specie) values (15, 'Indonesia', 'f', 'Corby', '1988-10-14 12:17:30', '2021-03-13 08:41:04', '2023-10-25 00:59:23', 'Badger american');
insert into Esemplare_Animale (codice, paese_provenienza, sesso, nome, data_nascita, data_entrata, data_uscita, specie) values (15, 'Czech Republic', 'f', 'Matteo', '1999-09-20 19:53:33', '2021-07-28 12:33:23', '2023-12-05 19:03:19', 'Flicker campo');
insert into Esemplare_Animale (codice, paese_provenienza, sesso, nome, data_nascita, data_entrata, data_uscita, specie) values (15, 'Indonesia', 'f', 'Jorie', '1983-01-14 12:43:05', '2021-12-10 07:01:59', null, 'Snake unidentified');
insert into Esemplare_Animale (codice, paese_provenienza, sesso, nome, data_nascita, data_entrata, data_uscita, specie) values (15, 'Sweden', 'm', 'Berkeley', '1978-02-23 17:09:14', '2021-03-05 02:09:08', '2022-11-12 10:39:51', 'Goldeneye common');
insert into Esemplare_Animale (codice, paese_provenienza, sesso, nome, data_nascita, data_entrata, data_uscita, specie) values (15, 'Yemen', 'f', 'Adan', '2003-06-10 02:11:43', '2021-11-22 13:58:33', '2022-05-28 07:22:17', 'Snowy owl');
insert into Esemplare_Animale (codice, paese_provenienza, sesso, nome, data_nascita, data_entrata, data_uscita, specie) values (15, 'Ivory Coast', 'm', 'Ignacio', '1992-04-24 01:56:04', '2021-05-31 18:26:36', null, 'Screamer southern');
insert into Esemplare_Animale (codice, paese_provenienza, sesso, nome, data_nascita, data_entrata, data_uscita, specie) values (15, 'Switzerland', 'm', 'Tally', '2009-06-11 06:21:40', '2021-03-22 22:36:16', '2022-06-20 07:39:37', 'Constrictor eastern boa');
insert into Esemplare_Animale (codice, paese_provenienza, sesso, nome, data_nascita, data_entrata, data_uscita, specie) values (15, 'Chile', 'f', 'Alfons', '1973-07-03 07:10:59', '2021-08-04 00:38:40', '2022-10-17 15:07:01', 'Roadrunner greater');
insert into Esemplare_Animale (codice, paese_provenienza, sesso, nome, data_nascita, data_entrata, data_uscita, specie) values (15, 'Japan', 'm', 'Caprice', '1986-06-08 19:54:45', '2021-05-24 03:36:28', '2022-04-10 23:26:41', 'Andean goose');
insert into Esemplare_Animale (codice, paese_provenienza, sesso, nome, data_nascita, data_entrata, data_uscita, specie) values (15, 'Indonesia', 'f', 'Dela', '1973-05-20 16:07:07', '2021-08-21 00:37:26', '2022-11-29 00:12:16', 'Radiated tortoise');
insert into Esemplare_Animale (codice, paese_provenienza, sesso, nome, data_nascita, data_entrata, data_uscita, specie) values (15, 'North Korea', 'm', 'Garth', '1982-05-28 07:17:15', '2021-06-22 12:54:51', '2022-11-23 16:59:20', 'Two-toed sloth');
insert into Esemplare_Animale (codice, paese_provenienza, sesso, nome, data_nascita, data_entrata, data_uscita, specie) values (15, 'Greece', 'm', 'Kyla', '2016-02-29 07:57:07', '2021-12-29 22:30:06', '2022-05-23 21:03:20', 'Python carpet');
insert into Esemplare_Animale (codice, paese_provenienza, sesso, nome, data_nascita, data_entrata, data_uscita, specie) values (15, 'Cyprus', 'm', 'Scarlett', '1977-08-22 14:58:57', '2021-09-14 10:49:06', '2022-02-05 02:53:32', 'Cat long-tailed spotted');
insert into Esemplare_Animale (codice, paese_provenienza, sesso, nome, data_nascita, data_entrata, data_uscita, specie) values (15, 'Philippines', 'f', 'Roz', '1994-03-01 12:08:42', '2021-04-16 05:34:38', '2023-08-01 20:57:59', 'Rattlesnake horned');
insert into Esemplare_Animale (codice, paese_provenienza, sesso, nome, data_nascita, data_entrata, data_uscita, specie) values (15, 'Macedonia', 'f', 'Myriam', '2007-06-19 04:36:38', '2021-02-27 21:26:19', '2023-10-03 02:54:59', 'Mockingbird galapagos');
insert into Esemplare_Animale (codice, paese_provenienza, sesso, nome, data_nascita, data_entrata, data_uscita, specie) values (15, 'Finland', 'm', 'Sheffy', '1981-08-01 05:25:35', '2021-04-08 10:33:12', '2022-09-02 15:41:36', 'Buttermilk snake');
insert into Esemplare_Animale (codice, paese_provenienza, sesso, nome, data_nascita, data_entrata, data_uscita, specie) values (15, 'Nepal', 'f', 'Zitella', '1995-08-09 03:11:21', '2021-04-11 03:50:19', '2023-01-16 12:44:34', 'Red-cheeked cordon bleu');
insert into Esemplare_Animale (codice, paese_provenienza, sesso, nome, data_nascita, data_entrata, data_uscita, specie) values (15, 'Pakistan', 'f', 'Carina', '2002-09-16 02:03:11', '2021-02-24 18:27:42', null, 'Bird pied butcher');
insert into Esemplare_Animale (codice, paese_provenienza, sesso, nome, data_nascita, data_entrata, data_uscita, specie) values (15, 'Argentina', 'm', 'Vinnie', '1992-04-29 21:33:06', '2021-01-29 13:37:59', '2022-12-18 22:46:58', 'Anteater giant');
insert into Esemplare_Animale (codice, paese_provenienza, sesso, nome, data_nascita, data_entrata, data_uscita, specie) values (15, 'Ukraine', 'm', 'Lottie', '2018-10-06 10:53:17', '2021-05-12 07:15:48', '2022-01-20 16:11:04', 'Goose greylag');
insert into Esemplare_Animale (codice, paese_provenienza, sesso, nome, data_nascita, data_entrata, data_uscita, specie) values (15, 'Poland', 'm', 'Hazlett', '1991-01-03 16:01:39', '2021-02-22 05:14:02', null, 'Kangaroo western grey');
insert into Esemplare_Animale (codice, paese_provenienza, sesso, nome, data_nascita, data_entrata, data_uscita, specie) values (15, 'Switzerland', 'f', 'Milly', '1993-09-14 18:58:15', '2021-11-05 23:42:57', null, 'Racer snake');
insert into Esemplare_Animale (codice, paese_provenienza, sesso, nome, data_nascita, data_entrata, data_uscita, specie) values (15, 'Greece', 'f', 'Vevay', '2020-02-16 08:18:49', '2021-01-17 09:45:22', '2022-01-11 17:05:08', 'Worm snake unidentified');
insert into Esemplare_Animale (codice, paese_provenienza, sesso, nome, data_nascita, data_entrata, data_uscita, specie) values (15, 'Brazil', 'm', 'Alyssa', '1980-05-08 19:57:46', '2021-06-05 15:53:18', '2023-10-22 16:08:38', 'Glider feathertail');
insert into Esemplare_Animale (codice, paese_provenienza, sesso, nome, data_nascita, data_entrata, data_uscita, specie) values (15, 'France', 'f', 'Danila', '2004-05-16 18:25:10', '2021-12-21 02:48:40', '2023-08-11 06:10:43', 'Wapiti elk');
insert into Esemplare_Animale (codice, paese_provenienza, sesso, nome, data_nascita, data_entrata, data_uscita, specie) values (15, 'Russia', 'm', 'Shandy', '1991-11-17 05:53:54', '2021-12-27 08:00:12', '2023-04-12 11:11:27', 'Mynah indian');
insert into Esemplare_Animale (codice, paese_provenienza, sesso, nome, data_nascita, data_entrata, data_uscita, specie) values (15, 'China', 'f', 'Roslyn', '2001-08-03 12:59:22', '2021-06-04 19:39:03', '2022-09-03 15:35:32', 'Pine siskin');
insert into Esemplare_Animale (codice, paese_provenienza, sesso, nome, data_nascita, data_entrata, data_uscita, specie) values (15, 'Kazakhstan', 'm', 'Paolina', '1990-12-16 06:51:32', '2021-10-27 14:24:22', '2022-07-30 11:10:22', 'African lynx');
insert into Esemplare_Animale (codice, paese_provenienza, sesso, nome, data_nascita, data_entrata, data_uscita, specie) values (15, 'Colombia', 'm', 'Cynde', '2002-01-24 12:01:50', '2021-01-07 08:40:56', '2022-12-12 11:32:47', 'Tenrec tailless');
insert into Esemplare_Animale (codice, paese_provenienza, sesso, nome, data_nascita, data_entrata, data_uscita, specie) values (16, 'France', 'm', 'Grantham', '2009-11-10 09:04:55', '2021-10-19 04:59:35', null, 'White-fronted capuchin');
insert into Esemplare_Animale (codice, paese_provenienza, sesso, nome, data_nascita, data_entrata, data_uscita, specie) values (16, 'China', 'm', 'Alan', '1982-11-16 10:05:15', '2021-10-23 23:56:32', '2022-08-29 20:48:40', 'Southern black-backed gull');
insert into Esemplare_Animale (codice, paese_provenienza, sesso, nome, data_nascita, data_entrata, data_uscita, specie) values (16, 'Indonesia', 'f', 'Sascha', '1983-03-07 12:40:04', '2021-09-18 12:52:15', '2023-01-10 13:00:15', 'Pygmy possum');
insert into Esemplare_Animale (codice, paese_provenienza, sesso, nome, data_nascita, data_entrata, data_uscita, specie) values (16, 'Brazil', 'm', 'Allys', '2005-02-10 14:31:56', '2021-10-19 01:50:06', '2023-07-12 20:16:46', 'Mynah common');
insert into Esemplare_Animale (codice, paese_provenienza, sesso, nome, data_nascita, data_entrata, data_uscita, specie) values (16, 'China', 'f', 'Sherye', '1982-08-23 23:59:05', '2021-10-16 11:15:44', '2023-11-25 07:01:05', 'Rattlesnake eastern diamondback');
insert into Esemplare_Animale (codice, paese_provenienza, sesso, nome, data_nascita, data_entrata, data_uscita, specie) values (16, 'Latvia', 'm', 'Beitris', '2000-11-23 10:14:00', '2021-09-12 18:08:22', '2023-09-03 04:00:09', 'Onager');
insert into Esemplare_Animale (codice, paese_provenienza, sesso, nome, data_nascita, data_entrata, data_uscita, specie) values (16, 'Serbia', 'f', 'Ruthanne', '1991-04-02 22:46:30', '2021-04-04 06:32:59', null, 'Arboral spiny rat');
insert into Esemplare_Animale (codice, paese_provenienza, sesso, nome, data_nascita, data_entrata, data_uscita, specie) values (16, 'Portugal', 'm', 'Munroe', '1994-04-06 22:03:54', '2021-08-19 16:34:20', '2022-03-03 18:09:59', 'Owl madagascar hawk');
insert into Esemplare_Animale (codice, paese_provenienza, sesso, nome, data_nascita, data_entrata, data_uscita, specie) values (16, 'Venezuela', 'm', 'Anett', '1981-04-21 18:43:02', '2021-09-19 15:57:15', '2022-02-09 05:43:44', 'Great egret');
insert into Esemplare_Animale (codice, paese_provenienza, sesso, nome, data_nascita, data_entrata, data_uscita, specie) values (16, 'Slovenia', 'm', 'Marti', '1999-02-20 07:40:08', '2021-10-23 13:43:54', '2023-12-24 10:08:47', 'Western bearded dragon');
insert into Esemplare_Animale (codice, paese_provenienza, sesso, nome, data_nascita, data_entrata, data_uscita, specie) values (16, 'China', 'f', 'Terrill', '2006-05-25 23:23:48', '2021-03-25 03:09:15', '2023-04-21 17:49:15', 'Greater sage grouse');
insert into Esemplare_Animale (codice, paese_provenienza, sesso, nome, data_nascita, data_entrata, data_uscita, specie) values (16, 'Myanmar', 'f', 'Essa', '1981-09-03 23:17:15', '2021-08-07 14:42:57', '2022-04-13 07:32:16', 'Coot red-knobbed');
insert into Esemplare_Animale (codice, paese_provenienza, sesso, nome, data_nascita, data_entrata, data_uscita, specie) values (16, 'China', 'f', 'Saree', '2008-05-29 23:49:05', '2021-08-25 20:59:03', '2022-07-07 07:14:04', 'Lizard desert spiny');
insert into Esemplare_Animale (codice, paese_provenienza, sesso, nome, data_nascita, data_entrata, data_uscita, specie) values (16, 'Armenia', 'f', 'Lydie', '2016-07-10 07:03:21', '2021-10-13 21:19:04', null, 'Dragon ornate rock');
insert into Esemplare_Animale (codice, paese_provenienza, sesso, nome, data_nascita, data_entrata, data_uscita, specie) values (16, 'Portugal', 'f', 'Amelie', '1972-02-29 16:28:36', '2021-05-16 13:58:22', '2023-12-16 15:35:12', 'King cormorant');
insert into Esemplare_Animale (codice, paese_provenienza, sesso, nome, data_nascita, data_entrata, data_uscita, specie) values (16, 'Ukraine', 'm', 'Austin', '1987-09-02 13:50:20', '2021-11-21 08:30:20', '2023-09-30 19:22:27', 'American alligator');
insert into Esemplare_Animale (codice, paese_provenienza, sesso, nome, data_nascita, data_entrata, data_uscita, specie) values (16, 'China', 'f', 'Nathanael', '1986-02-21 08:29:36', '2021-06-05 00:43:05', '2022-04-07 13:15:56', 'Australian magpie');
insert into Esemplare_Animale (codice, paese_provenienza, sesso, nome, data_nascita, data_entrata, data_uscita, specie) values (16, 'China', 'm', 'Margot', '1994-09-21 00:57:37', '2021-04-22 15:49:54', '2022-10-22 02:41:35', 'Pale white-eye');
insert into Esemplare_Animale (codice, paese_provenienza, sesso, nome, data_nascita, data_entrata, data_uscita, specie) values (16, 'Poland', 'm', 'Hogan', '1978-02-02 18:59:58', '2021-10-26 07:33:16', '2022-11-30 20:53:22', 'Brazilian tapir');
insert into Esemplare_Animale (codice, paese_provenienza, sesso, nome, data_nascita, data_entrata, data_uscita, specie) values (16, 'Brazil', 'm', 'Veradis', '1998-09-22 01:40:52', '2021-12-03 15:19:39', '2022-03-24 05:26:42', 'Kelp gull');
insert into Esemplare_Animale (codice, paese_provenienza, sesso, nome, data_nascita, data_entrata, data_uscita, specie) values (16, 'Indonesia', 'f', 'Marlena', '1989-06-15 05:23:27', '2021-09-04 08:39:09', '2022-02-08 16:38:22', 'African buffalo');
insert into Esemplare_Animale (codice, paese_provenienza, sesso, nome, data_nascita, data_entrata, data_uscita, specie) values (16, 'China', 'm', 'Garvin', '1987-01-30 19:24:41', '2021-08-04 14:02:09', '2023-03-10 22:06:11', 'Badger american');
insert into Esemplare_Animale (codice, paese_provenienza, sesso, nome, data_nascita, data_entrata, data_uscita, specie) values (16, 'Russia', 'm', 'Merell', '1984-08-24 14:54:58', '2021-01-31 10:01:43', '2023-06-05 10:47:56', 'Flicker campo');
insert into Esemplare_Animale (codice, paese_provenienza, sesso, nome, data_nascita, data_entrata, data_uscita, specie) values (16, 'Indonesia', 'm', 'Tine', '1984-11-07 22:54:00', '2021-04-30 19:43:20', null, 'Snake unidentified');
insert into Esemplare_Animale (codice, paese_provenienza, sesso, nome, data_nascita, data_entrata, data_uscita, specie) values (16, 'China', 'm', 'Denny', '1999-01-27 00:23:39', '2021-11-28 06:07:33', '2022-03-08 18:36:13', 'Goldeneye common');
insert into Esemplare_Animale (codice, paese_provenienza, sesso, nome, data_nascita, data_entrata, data_uscita, specie) values (16, 'Mexico', 'f', 'Augustine', '2007-04-21 15:30:21', '2021-06-06 01:47:38', null, 'Snowy owl');
insert into Esemplare_Animale (codice, paese_provenienza, sesso, nome, data_nascita, data_entrata, data_uscita, specie) values (16, 'France', 'f', 'Janis', '2003-04-01 03:38:29', '2021-09-16 22:24:34', null, 'Screamer southern');
insert into Esemplare_Animale (codice, paese_provenienza, sesso, nome, data_nascita, data_entrata, data_uscita, specie) values (16, 'Peru', 'm', 'Cordie', '2016-12-15 03:07:56', '2021-09-19 06:56:53', '2023-09-04 12:30:51', 'Constrictor eastern boa');
insert into Esemplare_Animale (codice, paese_provenienza, sesso, nome, data_nascita, data_entrata, data_uscita, specie) values (16, 'Kazakhstan', 'f', 'Bessy', '2004-01-26 19:54:33', '2021-02-12 23:56:57', '2022-02-05 22:07:00', 'Roadrunner greater');
insert into Esemplare_Animale (codice, paese_provenienza, sesso, nome, data_nascita, data_entrata, data_uscita, specie) values (16, 'Poland', 'm', 'Dora', '2006-07-08 20:28:40', '2021-04-01 17:26:46', '2023-07-20 14:27:10', 'Andean goose');
insert into Esemplare_Animale (codice, paese_provenienza, sesso, nome, data_nascita, data_entrata, data_uscita, specie) values (16, 'Ghana', 'f', 'Jenni', '2007-08-15 17:20:47', '2021-02-12 08:13:48', null, 'Radiated tortoise');
insert into Esemplare_Animale (codice, paese_provenienza, sesso, nome, data_nascita, data_entrata, data_uscita, specie) values (16, 'Brazil', 'f', 'Ewell', '1979-02-17 00:02:31', '2021-03-10 18:24:06', '2023-01-06 00:00:00', 'Two-toed sloth');
insert into Esemplare_Animale (codice, paese_provenienza, sesso, nome, data_nascita, data_entrata, data_uscita, specie) values (16, 'China', 'f', 'Sinclair', '1992-02-09 06:27:50', '2021-02-07 02:57:37', '2023-07-04 00:52:56', 'Python carpet');
insert into Esemplare_Animale (codice, paese_provenienza, sesso, nome, data_nascita, data_entrata, data_uscita, specie) values (16, 'Philippines', 'm', 'Dene', '1993-12-13 20:02:34', '2021-11-04 09:55:54', '2023-01-06 00:00:00', 'Cat long-tailed spotted');
insert into Esemplare_Animale (codice, paese_provenienza, sesso, nome, data_nascita, data_entrata, data_uscita, specie) values (16, 'South Korea', 'f', 'Bria', '2009-12-07 03:23:14', '2021-08-29 08:23:11', '2023-01-06 00:00:00', 'Rattlesnake horned');
insert into Esemplare_Animale (codice, paese_provenienza, sesso, nome, data_nascita, data_entrata, data_uscita, specie) values (16, 'Belarus', 'm', 'Eddi', '1983-06-01 08:07:49', '2021-07-06 12:17:13', '2022-10-31 06:10:14', 'Mockingbird galapagos');
insert into Esemplare_Animale (codice, paese_provenienza, sesso, nome, data_nascita, data_entrata, data_uscita, specie) values (16, 'Poland', 'm', 'Had', '2008-03-08 06:17:21', '2021-09-20 14:24:12', '2023-06-23 05:50:56', 'Buttermilk snake');
insert into Esemplare_Animale (codice, paese_provenienza, sesso, nome, data_nascita, data_entrata, data_uscita, specie) values (16, 'Portugal', 'm', 'Jarad', '2018-03-24 07:41:46', '2021-02-19 21:48:21', '2023-01-06 00:00:00', 'Red-cheeked cordon bleu');
insert into Esemplare_Animale (codice, paese_provenienza, sesso, nome, data_nascita, data_entrata, data_uscita, specie) values (16, 'Palestinian Territory', 'm', 'Chet', '1992-12-28 04:41:09', '2021-10-07 17:36:46', '2023-02-11 15:22:38', 'Bird pied butcher');
insert into Esemplare_Animale (codice, paese_provenienza, sesso, nome, data_nascita, data_entrata, data_uscita, specie) values (16, 'Brazil', 'm', 'Abbi', '1995-09-15 07:44:41', '2021-10-25 18:03:23', '2023-05-29 16:04:25', 'Anteater giant');
insert into Esemplare_Animale (codice, paese_provenienza, sesso, nome, data_nascita, data_entrata, data_uscita, specie) values (16, 'United States', 'f', 'Tabina', '1996-03-09 00:12:51', '2021-02-07 08:35:48', '2023-05-25 03:14:46', 'Goose greylag');
insert into Esemplare_Animale (codice, paese_provenienza, sesso, nome, data_nascita, data_entrata, data_uscita, specie) values (16, 'Russia', 'f', 'Rachelle', '2020-12-14 21:02:05', '2021-01-29 04:12:23', '2022-04-15 21:31:08', 'Kangaroo western grey');
insert into Esemplare_Animale (codice, paese_provenienza, sesso, nome, data_nascita, data_entrata, data_uscita, specie) values (16, 'Bulgaria', 'f', 'Livvy', '2007-12-04 02:11:06', '2021-04-18 22:30:08', '2022-05-29 23:02:58', 'Racer snake');
insert into Esemplare_Animale (codice, paese_provenienza, sesso, nome, data_nascita, data_entrata, data_uscita, specie) values (16, 'Peru', 'f', 'Marina', '1974-08-28 11:21:13', '2021-11-20 05:04:21', '2023-10-21 10:45:33', 'Worm snake unidentified');
insert into Esemplare_Animale (codice, paese_provenienza, sesso, nome, data_nascita, data_entrata, data_uscita, specie) values (16, 'Philippines', 'm', 'Dehlia', '2011-06-02 20:25:05', '2021-06-30 18:35:40', '2022-09-12 09:27:00', 'Glider feathertail');
insert into Esemplare_Animale (codice, paese_provenienza, sesso, nome, data_nascita, data_entrata, data_uscita, specie) values (16, 'Cameroon', 'm', 'Lolita', '2007-01-31 03:30:25', '2021-01-30 01:38:54', '2022-05-26 13:29:04', 'Wapiti elk');
insert into Esemplare_Animale (codice, paese_provenienza, sesso, nome, data_nascita, data_entrata, data_uscita, specie) values (16, 'Morocco', 'm', 'Rennie', '1973-09-03 16:31:54', '2021-03-02 10:48:51', '2023-10-12 16:20:36', 'Mynah indian');
insert into Esemplare_Animale (codice, paese_provenienza, sesso, nome, data_nascita, data_entrata, data_uscita, specie) values (16, 'Poland', 'm', 'Hashim', '1980-11-20 09:20:49', '2021-03-25 00:56:00', '2023-12-09 20:00:37', 'Pine siskin');
insert into Esemplare_Animale (codice, paese_provenienza, sesso, nome, data_nascita, data_entrata, data_uscita, specie) values (16, 'Sierra Leone', 'm', 'Karlotta', '1985-11-19 18:27:25', '2021-07-07 13:02:43', '2022-01-11 07:03:56', 'African lynx');
insert into Esemplare_Animale (codice, paese_provenienza, sesso, nome, data_nascita, data_entrata, data_uscita, specie) values (16, 'China', 'f', 'Sally', '1994-03-01 23:28:35', '2021-07-08 17:03:42', null, 'Tenrec tailless');
insert into Esemplare_Animale (codice, paese_provenienza, sesso, nome, data_nascita, data_entrata, data_uscita, specie) values (17, 'France', 'f', 'Herminia', '2004-04-30 18:33:24', '2021-04-17 06:26:12', '2023-01-13 05:37:11', 'White-fronted capuchin');
insert into Esemplare_Animale (codice, paese_provenienza, sesso, nome, data_nascita, data_entrata, data_uscita, specie) values (17, 'China', 'm', 'Jeddy', '2018-12-13 03:10:23', '2021-12-03 01:32:25', '2023-07-05 20:45:59', 'Southern black-backed gull');
insert into Esemplare_Animale (codice, paese_provenienza, sesso, nome, data_nascita, data_entrata, data_uscita, specie) values (17, 'Philippines', 'f', 'Prent', '2005-08-24 02:59:04', '2021-01-05 06:50:52', '2022-04-15 21:05:47', 'Pygmy possum');
insert into Esemplare_Animale (codice, paese_provenienza, sesso, nome, data_nascita, data_entrata, data_uscita, specie) values (17, 'Honduras', 'm', 'Mano', '1989-12-07 11:39:44', '2021-09-26 19:08:32', '2023-12-09 05:52:16', 'Mynah common');
insert into Esemplare_Animale (codice, paese_provenienza, sesso, nome, data_nascita, data_entrata, data_uscita, specie) values (17, 'Honduras', 'm', 'Prent', '1997-04-02 17:07:57', '2021-09-24 09:45:08', '2022-01-14 10:16:46', 'Rattlesnake eastern diamondback');
insert into Esemplare_Animale (codice, paese_provenienza, sesso, nome, data_nascita, data_entrata, data_uscita, specie) values (17, 'Philippines', 'f', 'Brit', '1990-07-08 14:11:47', '2021-03-01 21:17:58', '2023-01-27 17:08:49', 'Onager');
insert into Esemplare_Animale (codice, paese_provenienza, sesso, nome, data_nascita, data_entrata, data_uscita, specie) values (17, 'Finland', 'm', 'Carlynne', '1986-09-02 13:59:09', '2021-12-30 20:27:49', '2022-01-10 06:05:50', 'Arboral spiny rat');
insert into Esemplare_Animale (codice, paese_provenienza, sesso, nome, data_nascita, data_entrata, data_uscita, specie) values (17, 'Russia', 'f', 'Norri', '2017-07-06 15:02:31', '2021-04-24 16:31:38', '2022-03-05 04:02:21', 'Owl madagascar hawk');
insert into Esemplare_Animale (codice, paese_provenienza, sesso, nome, data_nascita, data_entrata, data_uscita, specie) values (17, 'South Africa', 'm', 'Sibella', '2007-07-17 23:13:22', '2021-01-15 00:17:48', '2022-10-04 05:12:50', 'Great egret');
insert into Esemplare_Animale (codice, paese_provenienza, sesso, nome, data_nascita, data_entrata, data_uscita, specie) values (17, 'Brazil', 'm', 'Ware', '2012-04-14 22:29:42', '2021-05-14 22:45:38', null, 'Western bearded dragon');
insert into Esemplare_Animale (codice, paese_provenienza, sesso, nome, data_nascita, data_entrata, data_uscita, specie) values (17, 'Thailand', 'm', 'Astrid', '1974-12-08 14:25:06', '2021-05-25 00:50:34', '2023-04-30 22:19:16', 'Greater sage grouse');
insert into Esemplare_Animale (codice, paese_provenienza, sesso, nome, data_nascita, data_entrata, data_uscita, specie) values (17, 'United States', 'f', 'Rianon', '1996-02-17 02:01:50', '2021-11-19 23:16:12', '2022-04-12 11:23:41', 'Coot red-knobbed');
insert into Esemplare_Animale (codice, paese_provenienza, sesso, nome, data_nascita, data_entrata, data_uscita, specie) values (17, 'China', 'm', 'Stephi', '1997-02-17 21:55:49', '2021-09-17 21:41:08', '2023-11-03 11:40:11', 'Lizard desert spiny');
insert into Esemplare_Animale (codice, paese_provenienza, sesso, nome, data_nascita, data_entrata, data_uscita, specie) values (17, 'Cameroon', 'm', 'Irita', '1982-06-04 20:09:22', '2021-10-12 22:35:29', null, 'Dragon ornate rock');
insert into Esemplare_Animale (codice, paese_provenienza, sesso, nome, data_nascita, data_entrata, data_uscita, specie) values (17, 'Croatia', 'f', 'Rozina', '1986-10-21 06:02:24', '2021-02-24 13:04:19', '2022-06-28 03:54:59', 'King cormorant');
insert into Esemplare_Animale (codice, paese_provenienza, sesso, nome, data_nascita, data_entrata, data_uscita, specie) values (17, 'Ukraine', 'm', 'Natale', '1987-03-29 07:36:25', '2021-08-08 23:53:23', '2022-12-29 04:59:17', 'American alligator');
insert into Esemplare_Animale (codice, paese_provenienza, sesso, nome, data_nascita, data_entrata, data_uscita, specie) values (17, 'Philippines', 'f', 'Anastasia', '1977-05-20 06:26:02', '2021-02-12 01:44:01', null, 'Australian magpie');
insert into Esemplare_Animale (codice, paese_provenienza, sesso, nome, data_nascita, data_entrata, data_uscita, specie) values (17, 'Nicaragua', 'f', 'Arda', '2011-01-27 12:43:33', '2021-12-15 19:52:09', '2023-09-25 19:37:42', 'Pale white-eye');
insert into Esemplare_Animale (codice, paese_provenienza, sesso, nome, data_nascita, data_entrata, data_uscita, specie) values (17, 'Japan', 'f', 'Kippar', '2011-01-19 21:49:53', '2021-04-22 19:06:05', '2023-08-27 01:24:38', 'Brazilian tapir');
insert into Esemplare_Animale (codice, paese_provenienza, sesso, nome, data_nascita, data_entrata, data_uscita, specie) values (17, 'Russia', 'f', 'Rowan', '2018-12-09 13:51:19', '2021-09-12 18:52:05', '2022-01-13 04:51:04', 'Kelp gull');
insert into Esemplare_Animale (codice, paese_provenienza, sesso, nome, data_nascita, data_entrata, data_uscita, specie) values (17, 'Philippines', 'f', 'Manon', '1991-12-19 14:16:58', '2021-10-09 08:38:08', '2022-02-08 21:08:11', 'African buffalo');
insert into Esemplare_Animale (codice, paese_provenienza, sesso, nome, data_nascita, data_entrata, data_uscita, specie) values (17, 'United States', 'm', 'Arie', '1989-07-07 16:03:18', '2021-03-02 07:47:56', '2023-09-29 18:13:49', 'Badger american');
insert into Esemplare_Animale (codice, paese_provenienza, sesso, nome, data_nascita, data_entrata, data_uscita, specie) values (17, 'Sweden', 'm', 'Nessa', '2013-01-30 15:06:38', '2021-04-10 00:38:44', '2023-11-14 05:40:46', 'Flicker campo');
insert into Esemplare_Animale (codice, paese_provenienza, sesso, nome, data_nascita, data_entrata, data_uscita, specie) values (17, 'China', 'f', 'Godfree', '1994-02-15 15:38:35', '2021-03-19 20:25:48', '2023-07-20 23:32:14', 'Snake unidentified');
insert into Esemplare_Animale (codice, paese_provenienza, sesso, nome, data_nascita, data_entrata, data_uscita, specie) values (17, 'China', 'f', 'Farrell', '2009-01-19 18:01:42', '2021-01-14 18:25:02', '2023-05-09 00:44:40', 'Goldeneye common');
insert into Esemplare_Animale (codice, paese_provenienza, sesso, nome, data_nascita, data_entrata, data_uscita, specie) values (17, 'Poland', 'f', 'Virgil', '1988-04-25 15:23:51', '2021-12-19 07:21:40', '2022-09-18 10:40:03', 'Snowy owl');
insert into Esemplare_Animale (codice, paese_provenienza, sesso, nome, data_nascita, data_entrata, data_uscita, specie) values (17, 'Russia', 'f', 'Gwenny', '1979-11-20 19:00:44', '2021-10-03 13:37:56', '2023-12-19 21:55:26', 'Screamer southern');
insert into Esemplare_Animale (codice, paese_provenienza, sesso, nome, data_nascita, data_entrata, data_uscita, specie) values (17, 'Czech Republic', 'm', 'Erl', '1986-08-07 16:42:10', '2021-03-10 13:16:44', null, 'Constrictor eastern boa');
insert into Esemplare_Animale (codice, paese_provenienza, sesso, nome, data_nascita, data_entrata, data_uscita, specie) values (17, 'Peru', 'm', 'Ailee', '2016-10-11 13:26:15', '2021-04-01 02:53:40', '2022-08-02 23:08:19', 'Roadrunner greater');
insert into Esemplare_Animale (codice, paese_provenienza, sesso, nome, data_nascita, data_entrata, data_uscita, specie) values (17, 'Russia', 'f', 'Brig', '1989-08-30 13:08:28', '2021-04-24 04:27:21', '2023-09-29 21:35:33', 'Andean goose');
insert into Esemplare_Animale (codice, paese_provenienza, sesso, nome, data_nascita, data_entrata, data_uscita, specie) values (17, 'North Korea', 'm', 'Marion', '1988-11-30 23:24:45', '2021-01-27 16:10:18', null, 'Radiated tortoise');
insert into Esemplare_Animale (codice, paese_provenienza, sesso, nome, data_nascita, data_entrata, data_uscita, specie) values (17, 'United States', 'f', 'Babbette', '1987-11-11 16:41:45', '2021-09-30 00:38:26', '2023-08-19 04:00:49', 'Two-toed sloth');
insert into Esemplare_Animale (codice, paese_provenienza, sesso, nome, data_nascita, data_entrata, data_uscita, specie) values (17, 'Vietnam', 'f', 'Dante', '1997-12-24 00:48:26', '2021-05-28 16:26:24', '2023-02-10 01:38:03', 'Python carpet');
insert into Esemplare_Animale (codice, paese_provenienza, sesso, nome, data_nascita, data_entrata, data_uscita, specie) values (17, 'Thailand', 'f', 'Brinna', '2019-07-01 12:11:21', '2021-05-01 07:43:03', '2022-07-11 01:05:13', 'Cat long-tailed spotted');
insert into Esemplare_Animale (codice, paese_provenienza, sesso, nome, data_nascita, data_entrata, data_uscita, specie) values (17, 'Iran', 'f', 'Jonis', '1999-11-17 01:34:47', '2021-01-06 04:18:09', '2023-01-06 00:00:00', 'Rattlesnake horned');
insert into Esemplare_Animale (codice, paese_provenienza, sesso, nome, data_nascita, data_entrata, data_uscita, specie) values (17, 'China', 'm', 'Emmye', '1991-04-17 16:39:05', '2021-01-04 17:49:06', '2022-06-10 06:49:31', 'Mockingbird galapagos');
insert into Esemplare_Animale (codice, paese_provenienza, sesso, nome, data_nascita, data_entrata, data_uscita, specie) values (17, 'Czech Republic', 'm', 'Georgeta', '1978-09-05 15:41:42', '2021-01-29 12:34:44', '2022-04-05 07:17:45', 'Buttermilk snake');
insert into Esemplare_Animale (codice, paese_provenienza, sesso, nome, data_nascita, data_entrata, data_uscita, specie) values (17, 'Brazil', 'm', 'Jessee', '2005-01-26 12:07:05', '2021-02-27 08:14:39', '2022-04-19 18:38:42', 'Red-cheeked cordon bleu');
insert into Esemplare_Animale (codice, paese_provenienza, sesso, nome, data_nascita, data_entrata, data_uscita, specie) values (17, 'Brazil', 'm', 'Deirdre', '1991-05-01 18:57:04', '2021-01-23 21:36:19', '2023-03-26 22:57:13', 'Bird pied butcher');
insert into Esemplare_Animale (codice, paese_provenienza, sesso, nome, data_nascita, data_entrata, data_uscita, specie) values (17, 'Indonesia', 'm', 'Isadora', '2009-11-10 16:38:40', '2021-09-08 21:15:57', '2023-01-06 00:00:00', 'Anteater giant');
insert into Esemplare_Animale (codice, paese_provenienza, sesso, nome, data_nascita, data_entrata, data_uscita, specie) values (17, 'United Kingdom', 'f', 'Dorita', '2003-12-03 23:30:34', '2021-07-03 14:48:29', '2022-06-21 10:09:19', 'Goose greylag');
insert into Esemplare_Animale (codice, paese_provenienza, sesso, nome, data_nascita, data_entrata, data_uscita, specie) values (17, 'China', 'm', 'Lynelle', '1988-09-20 19:24:41', '2021-10-02 20:31:59', '2023-06-18 18:16:28', 'Kangaroo western grey');
insert into Esemplare_Animale (codice, paese_provenienza, sesso, nome, data_nascita, data_entrata, data_uscita, specie) values (17, 'Ireland', 'f', 'Huntington', '2005-09-19 23:05:36', '2021-10-28 01:50:19', '2022-02-25 07:01:54', 'Racer snake');
insert into Esemplare_Animale (codice, paese_provenienza, sesso, nome, data_nascita, data_entrata, data_uscita, specie) values (17, 'Japan', 'f', 'Leoline', '1974-05-16 07:52:27', '2021-08-21 09:01:57', '2022-04-22 16:46:24', 'Worm snake unidentified');
insert into Esemplare_Animale (codice, paese_provenienza, sesso, nome, data_nascita, data_entrata, data_uscita, specie) values (17, 'Czech Republic', 'm', 'Burke', '1996-09-25 01:08:18', '2021-01-28 16:20:18', '2023-09-22 12:17:09', 'Glider feathertail');
insert into Esemplare_Animale (codice, paese_provenienza, sesso, nome, data_nascita, data_entrata, data_uscita, specie) values (17, 'Russia', 'm', 'Onfre', '1983-02-25 02:28:48', '2021-07-26 18:31:39', '2023-02-01 10:07:58', 'Wapiti elk');
insert into Esemplare_Animale (codice, paese_provenienza, sesso, nome, data_nascita, data_entrata, data_uscita, specie) values (17, 'Indonesia', 'm', 'Darrin', '1983-12-25 18:51:28', '2021-01-24 22:18:59', '2023-09-01 07:43:46', 'Mynah indian');
insert into Esemplare_Animale (codice, paese_provenienza, sesso, nome, data_nascita, data_entrata, data_uscita, specie) values (17, 'Portugal', 'f', 'Obed', '2016-04-29 05:47:01', '2021-08-07 13:21:42', null, 'Pine siskin');
insert into Esemplare_Animale (codice, paese_provenienza, sesso, nome, data_nascita, data_entrata, data_uscita, specie) values (17, 'South Korea', 'm', 'Lucine', '2002-08-08 21:48:40', '2021-12-28 02:22:09', '2022-06-27 23:07:16', 'African lynx');
insert into Esemplare_Animale (codice, paese_provenienza, sesso, nome, data_nascita, data_entrata, data_uscita, specie) values (17, 'Philippines', 'm', 'Adams', '1992-05-31 10:21:15', '2021-04-20 04:52:08', '2023-08-26 17:22:43', 'Tenrec tailless');
insert into Esemplare_Animale (codice, paese_provenienza, sesso, nome, data_nascita, data_entrata, data_uscita, specie) values (18, 'Finland', 'f', 'Tuck', '1980-10-07 04:03:59', '2021-07-28 02:28:54', '2023-03-18 02:31:15', 'White-fronted capuchin');
insert into Esemplare_Animale (codice, paese_provenienza, sesso, nome, data_nascita, data_entrata, data_uscita, specie) values (18, 'China', 'm', 'Julie', '1988-07-01 07:14:44', '2021-12-12 00:24:58', '2022-05-23 00:48:17', 'Southern black-backed gull');
insert into Esemplare_Animale (codice, paese_provenienza, sesso, nome, data_nascita, data_entrata, data_uscita, specie) values (18, 'Thailand', 'm', 'Ricardo', '1992-10-13 04:47:43', '2021-05-09 03:27:41', '2022-09-04 15:19:46', 'Pygmy possum');
insert into Esemplare_Animale (codice, paese_provenienza, sesso, nome, data_nascita, data_entrata, data_uscita, specie) values (18, 'Sweden', 'f', 'Stephen', '1993-04-21 07:15:21', '2021-09-24 21:17:17', '2023-01-23 03:17:13', 'Mynah common');
insert into Esemplare_Animale (codice, paese_provenienza, sesso, nome, data_nascita, data_entrata, data_uscita, specie) values (18, 'China', 'f', 'Adora', '2014-04-08 00:31:50', '2021-08-05 04:54:30', null, 'Rattlesnake eastern diamondback');
insert into Esemplare_Animale (codice, paese_provenienza, sesso, nome, data_nascita, data_entrata, data_uscita, specie) values (18, 'Brazil', 'f', 'Nessy', '1992-12-04 12:22:39', '2021-01-27 01:24:48', '2023-05-01 17:49:29', 'Onager');
insert into Esemplare_Animale (codice, paese_provenienza, sesso, nome, data_nascita, data_entrata, data_uscita, specie) values (18, 'Colombia', 'm', 'Gwenette', '1997-06-03 22:43:43', '2021-08-12 00:34:52', null, 'Arboral spiny rat');
insert into Esemplare_Animale (codice, paese_provenienza, sesso, nome, data_nascita, data_entrata, data_uscita, specie) values (18, 'Indonesia', 'f', 'Aretha', '2013-11-14 11:00:57', '2021-08-21 23:37:29', '2023-05-08 14:12:26', 'Owl madagascar hawk');
insert into Esemplare_Animale (codice, paese_provenienza, sesso, nome, data_nascita, data_entrata, data_uscita, specie) values (18, 'Thailand', 'f', 'Sibeal', '1994-04-18 22:03:13', '2021-12-25 12:14:12', '2022-05-16 09:30:40', 'Great egret');
insert into Esemplare_Animale (codice, paese_provenienza, sesso, nome, data_nascita, data_entrata, data_uscita, specie) values (18, 'Colombia', 'm', 'Ralina', '2015-06-29 12:40:29', '2021-11-23 02:49:08', '2022-10-25 11:22:32', 'Western bearded dragon');
insert into Esemplare_Animale (codice, paese_provenienza, sesso, nome, data_nascita, data_entrata, data_uscita, specie) values (18, 'Indonesia', 'm', 'Abbey', '2011-10-07 12:29:22', '2021-02-18 23:49:56', null, 'Greater sage grouse');
insert into Esemplare_Animale (codice, paese_provenienza, sesso, nome, data_nascita, data_entrata, data_uscita, specie) values (18, 'Pakistan', 'f', 'Maggee', '1989-10-18 18:23:43', '2021-09-07 08:23:56', '2022-11-09 01:37:15', 'Coot red-knobbed');
insert into Esemplare_Animale (codice, paese_provenienza, sesso, nome, data_nascita, data_entrata, data_uscita, specie) values (18, 'France', 'f', 'Nata', '1978-07-25 05:39:32', '2021-07-02 22:38:27', '2023-04-30 10:39:24', 'Lizard desert spiny');
insert into Esemplare_Animale (codice, paese_provenienza, sesso, nome, data_nascita, data_entrata, data_uscita, specie) values (18, 'Russia', 'f', 'Culver', '2011-01-25 00:39:26', '2021-09-04 05:25:38', '2022-09-26 05:27:29', 'Dragon ornate rock');
insert into Esemplare_Animale (codice, paese_provenienza, sesso, nome, data_nascita, data_entrata, data_uscita, specie) values (18, 'Sweden', 'm', 'Cyndy', '2004-05-18 07:38:57', '2021-12-18 08:51:58', '2022-08-07 06:37:33', 'King cormorant');
insert into Esemplare_Animale (codice, paese_provenienza, sesso, nome, data_nascita, data_entrata, data_uscita, specie) values (18, 'Chile', 'f', 'Beatrice', '1979-11-04 11:34:20', '2021-01-14 18:22:54', '2022-08-01 18:52:08', 'American alligator');
insert into Esemplare_Animale (codice, paese_provenienza, sesso, nome, data_nascita, data_entrata, data_uscita, specie) values (18, 'Philippines', 'f', 'Billie', '1972-05-04 15:54:09', '2021-12-30 11:50:35', '2022-02-09 18:19:13', 'Australian magpie');
insert into Esemplare_Animale (codice, paese_provenienza, sesso, nome, data_nascita, data_entrata, data_uscita, specie) values (18, 'China', 'f', 'Brynne', '2007-06-16 07:19:30', '2021-05-02 02:18:59', null, 'Pale white-eye');
insert into Esemplare_Animale (codice, paese_provenienza, sesso, nome, data_nascita, data_entrata, data_uscita, specie) values (18, 'Thailand', 'f', 'Astrid', '1973-02-10 07:56:35', '2021-09-18 05:18:11', '2022-01-30 16:55:16', 'Brazilian tapir');
insert into Esemplare_Animale (codice, paese_provenienza, sesso, nome, data_nascita, data_entrata, data_uscita, specie) values (18, 'China', 'm', 'Elfrieda', '2003-03-05 22:07:05', '2021-06-19 14:34:51', '2023-03-26 08:05:33', 'Kelp gull');
insert into Esemplare_Animale (codice, paese_provenienza, sesso, nome, data_nascita, data_entrata, data_uscita, specie) values (18, 'Colombia', 'f', 'Ara', '2012-09-03 13:37:39', '2021-08-27 16:30:14', '2023-02-05 12:22:08', 'African buffalo');
insert into Esemplare_Animale (codice, paese_provenienza, sesso, nome, data_nascita, data_entrata, data_uscita, specie) values (18, 'Vietnam', 'm', 'Joni', '1992-11-17 08:35:58', '2021-07-05 19:56:33', '2022-12-09 23:32:07', 'Badger american');
insert into Esemplare_Animale (codice, paese_provenienza, sesso, nome, data_nascita, data_entrata, data_uscita, specie) values (18, 'Russia', 'm', 'Petunia', '2005-02-25 12:42:14', '2021-12-29 03:46:08', '2023-05-01 03:21:10', 'Flicker campo');
insert into Esemplare_Animale (codice, paese_provenienza, sesso, nome, data_nascita, data_entrata, data_uscita, specie) values (18, 'China', 'f', 'Craggie', '1976-08-07 09:13:34', '2021-01-04 20:16:39', '2022-07-18 10:49:06', 'Snake unidentified');
insert into Esemplare_Animale (codice, paese_provenienza, sesso, nome, data_nascita, data_entrata, data_uscita, specie) values (18, 'Sweden', 'f', 'Maureen', '2020-04-11 09:54:02', '2021-07-25 09:28:47', '2022-11-19 04:53:59', 'Goldeneye common');
insert into Esemplare_Animale (codice, paese_provenienza, sesso, nome, data_nascita, data_entrata, data_uscita, specie) values (18, 'Peru', 'm', 'Merridie', '1994-09-11 17:39:31', '2021-12-06 10:37:30', '2023-01-07 02:18:15', 'Snowy owl');
insert into Esemplare_Animale (codice, paese_provenienza, sesso, nome, data_nascita, data_entrata, data_uscita, specie) values (18, 'Faroe Islands', 'm', 'Dixie', '2018-12-20 22:28:20', '2021-01-17 20:02:57', '2022-08-03 09:43:55', 'Screamer southern');
insert into Esemplare_Animale (codice, paese_provenienza, sesso, nome, data_nascita, data_entrata, data_uscita, specie) values (18, 'Sweden', 'm', 'Karee', '2015-02-09 15:42:01', '2021-03-08 12:03:04', '2023-07-16 09:58:18', 'Constrictor eastern boa');
insert into Esemplare_Animale (codice, paese_provenienza, sesso, nome, data_nascita, data_entrata, data_uscita, specie) values (18, 'Indonesia', 'm', 'Linea', '1973-11-13 11:52:46', '2021-10-20 21:32:32', '2022-02-13 01:08:48', 'Roadrunner greater');
insert into Esemplare_Animale (codice, paese_provenienza, sesso, nome, data_nascita, data_entrata, data_uscita, specie) values (18, 'Bulgaria', 'm', 'Tommie', '2010-11-13 11:37:30', '2021-06-19 19:42:07', '2023-08-12 10:40:01', 'Andean goose');
insert into Esemplare_Animale (codice, paese_provenienza, sesso, nome, data_nascita, data_entrata, data_uscita, specie) values (18, 'Portugal', 'm', 'Valery', '1980-09-19 15:27:36', '2021-02-23 00:11:32', '2022-10-10 03:39:51', 'Radiated tortoise');
insert into Esemplare_Animale (codice, paese_provenienza, sesso, nome, data_nascita, data_entrata, data_uscita, specie) values (18, 'Russia', 'f', 'Linn', '2014-05-07 15:34:25', '2021-08-19 14:20:46', '2023-01-06 00:00:00', 'Two-toed sloth');
insert into Esemplare_Animale (codice, paese_provenienza, sesso, nome, data_nascita, data_entrata, data_uscita, specie) values (18, 'China', 'm', 'Janos', '1991-01-28 08:55:20', '2021-01-01 11:51:24', '2022-06-14 03:18:21', 'Python carpet');
insert into Esemplare_Animale (codice, paese_provenienza, sesso, nome, data_nascita, data_entrata, data_uscita, specie) values (18, 'Japan', 'f', 'Ruthe', '2019-11-24 13:37:41', '2021-09-29 15:29:45', '2022-06-15 05:55:16', 'Cat long-tailed spotted');
insert into Esemplare_Animale (codice, paese_provenienza, sesso, nome, data_nascita, data_entrata, data_uscita, specie) values (18, 'Indonesia', 'f', 'Joan', '1991-07-09 09:18:35', '2021-02-16 22:32:38', '2022-04-29 12:56:17', 'Rattlesnake horned');
insert into Esemplare_Animale (codice, paese_provenienza, sesso, nome, data_nascita, data_entrata, data_uscita, specie) values (18, 'Indonesia', 'm', 'Elladine', '1987-01-09 21:03:19', '2021-06-06 00:26:05', '2022-06-09 07:23:07', 'Mockingbird galapagos');
insert into Esemplare_Animale (codice, paese_provenienza, sesso, nome, data_nascita, data_entrata, data_uscita, specie) values (18, 'Norway', 'm', 'De', '2019-06-14 14:34:37', '2021-02-12 15:39:47', '2022-06-28 17:22:33', 'Buttermilk snake');
insert into Esemplare_Animale (codice, paese_provenienza, sesso, nome, data_nascita, data_entrata, data_uscita, specie) values (18, 'Indonesia', 'm', 'Nels', '1974-01-23 00:52:20', '2021-06-23 11:02:36', '2022-10-14 12:08:01', 'Red-cheeked cordon bleu');
insert into Esemplare_Animale (codice, paese_provenienza, sesso, nome, data_nascita, data_entrata, data_uscita, specie) values (18, 'Cameroon', 'f', 'D''arcy', '1989-03-09 00:56:03', '2021-09-22 23:57:03', null, 'Bird pied butcher');
insert into Esemplare_Animale (codice, paese_provenienza, sesso, nome, data_nascita, data_entrata, data_uscita, specie) values (18, 'Poland', 'm', 'Elna', '1997-03-22 00:58:02', '2021-10-03 12:49:27', '2023-06-27 11:34:48', 'Anteater giant');
insert into Esemplare_Animale (codice, paese_provenienza, sesso, nome, data_nascita, data_entrata, data_uscita, specie) values (18, 'Portugal', 'f', 'Brandea', '2016-10-12 11:13:17', '2021-08-03 21:52:02', null, 'Goose greylag');
insert into Esemplare_Animale (codice, paese_provenienza, sesso, nome, data_nascita, data_entrata, data_uscita, specie) values (18, 'Russia', 'f', 'Urbain', '1976-06-22 08:13:41', '2021-11-26 12:52:10', '2023-06-15 01:45:18', 'Kangaroo western grey');
insert into Esemplare_Animale (codice, paese_provenienza, sesso, nome, data_nascita, data_entrata, data_uscita, specie) values (18, 'Russia', 'm', 'Hagan', '1998-04-18 07:44:40', '2021-10-13 09:11:40', '2023-03-18 21:41:28', 'Racer snake');
insert into Esemplare_Animale (codice, paese_provenienza, sesso, nome, data_nascita, data_entrata, data_uscita, specie) values (18, 'Brazil', 'm', 'Gusti', '1992-06-04 05:26:46', '2021-10-07 14:15:40', '2022-11-23 19:41:50', 'Worm snake unidentified');
insert into Esemplare_Animale (codice, paese_provenienza, sesso, nome, data_nascita, data_entrata, data_uscita, specie) values (18, 'Thailand', 'f', 'Sophie', '1982-02-27 22:53:36', '2021-11-30 23:40:12', '2023-05-07 21:33:59', 'Glider feathertail');
insert into Esemplare_Animale (codice, paese_provenienza, sesso, nome, data_nascita, data_entrata, data_uscita, specie) values (18, 'Poland', 'f', 'Artemas', '2006-02-18 16:46:23', '2021-04-29 08:30:05', '2022-07-23 16:30:33', 'Wapiti elk');
insert into Esemplare_Animale (codice, paese_provenienza, sesso, nome, data_nascita, data_entrata, data_uscita, specie) values (18, 'Indonesia', 'f', 'Isobel', '1983-04-02 00:14:59', '2021-12-04 09:16:09', '2022-10-25 12:52:33', 'Mynah indian');
insert into Esemplare_Animale (codice, paese_provenienza, sesso, nome, data_nascita, data_entrata, data_uscita, specie) values (18, 'France', 'f', 'Bari', '2009-02-26 12:41:22', '2021-01-02 18:26:35', '2023-02-08 22:48:44', 'Pine siskin');
insert into Esemplare_Animale (codice, paese_provenienza, sesso, nome, data_nascita, data_entrata, data_uscita, specie) values (18, 'Russia', 'm', 'Amalle', '2007-05-04 00:13:15', '2021-12-10 05:44:26', null, 'African lynx');
insert into Esemplare_Animale (codice, paese_provenienza, sesso, nome, data_nascita, data_entrata, data_uscita, specie) values (18, 'China', 'm', 'Clifford', '1973-03-07 06:23:05', '2021-10-13 20:21:25', '2023-07-17 12:45:14', 'Tenrec tailless');
insert into Esemplare_Animale (codice, paese_provenienza, sesso, nome, data_nascita, data_entrata, data_uscita, specie) values (19, 'China', 'f', 'Itch', '1977-09-28 20:41:45', '2021-02-21 16:32:25', null, 'White-fronted capuchin');
insert into Esemplare_Animale (codice, paese_provenienza, sesso, nome, data_nascita, data_entrata, data_uscita, specie) values (19, 'Guyana', 'm', 'Mack', '1984-07-23 06:28:57', '2021-08-14 03:46:22', '2023-12-03 01:24:39', 'Southern black-backed gull');
insert into Esemplare_Animale (codice, paese_provenienza, sesso, nome, data_nascita, data_entrata, data_uscita, specie) values (19, 'Argentina', 'm', 'Woodie', '1988-03-11 08:35:46', '2021-02-18 14:03:15', '2022-09-06 20:31:07', 'Pygmy possum');
insert into Esemplare_Animale (codice, paese_provenienza, sesso, nome, data_nascita, data_entrata, data_uscita, specie) values (19, 'Portugal', 'f', 'Chery', '2006-09-20 05:42:07', '2021-05-15 11:52:28', '2022-01-13 07:22:05', 'Mynah common');
insert into Esemplare_Animale (codice, paese_provenienza, sesso, nome, data_nascita, data_entrata, data_uscita, specie) values (19, 'Colombia', 'm', 'Kitty', '1999-02-02 20:17:43', '2021-08-04 20:12:29', null, 'Rattlesnake eastern diamondback');
insert into Esemplare_Animale (codice, paese_provenienza, sesso, nome, data_nascita, data_entrata, data_uscita, specie) values (19, 'China', 'm', 'Albertine', '2019-08-03 23:47:18', '2021-06-12 16:23:20', '2023-09-13 18:59:20', 'Onager');
insert into Esemplare_Animale (codice, paese_provenienza, sesso, nome, data_nascita, data_entrata, data_uscita, specie) values (19, 'Pakistan', 'f', 'Lettie', '2009-12-31 11:52:14', '2021-04-30 22:04:18', '2023-09-07 07:16:04', 'Arboral spiny rat');
insert into Esemplare_Animale (codice, paese_provenienza, sesso, nome, data_nascita, data_entrata, data_uscita, specie) values (19, 'Palestinian Territory', 'm', 'Reeta', '1985-02-27 02:36:24', '2021-02-26 06:57:14', '2023-01-06 00:00:00', 'Owl madagascar hawk');
insert into Esemplare_Animale (codice, paese_provenienza, sesso, nome, data_nascita, data_entrata, data_uscita, specie) values (19, 'Indonesia', 'm', 'Johnette', '2000-12-20 21:05:35', '2021-01-23 20:23:44', '2022-08-20 14:28:48', 'Great egret');
insert into Esemplare_Animale (codice, paese_provenienza, sesso, nome, data_nascita, data_entrata, data_uscita, specie) values (19, 'China', 'f', 'Greer', '2017-12-16 06:10:29', '2021-05-04 08:09:20', '2023-03-04 07:24:02', 'Western bearded dragon');
insert into Esemplare_Animale (codice, paese_provenienza, sesso, nome, data_nascita, data_entrata, data_uscita, specie) values (19, 'Japan', 'm', 'Jereme', '2019-04-22 00:07:10', '2021-12-26 22:28:45', '2022-08-16 11:52:00', 'Greater sage grouse');
insert into Esemplare_Animale (codice, paese_provenienza, sesso, nome, data_nascita, data_entrata, data_uscita, specie) values (19, 'Uganda', 'f', 'Renato', '2017-05-14 12:12:57', '2021-12-13 17:36:59', '2022-11-23 09:44:39', 'Coot red-knobbed');
insert into Esemplare_Animale (codice, paese_provenienza, sesso, nome, data_nascita, data_entrata, data_uscita, specie) values (19, 'Russia', 'f', 'Turner', '1998-04-10 11:08:15', '2021-08-15 02:11:12', '2022-03-05 16:27:46', 'Lizard desert spiny');
insert into Esemplare_Animale (codice, paese_provenienza, sesso, nome, data_nascita, data_entrata, data_uscita, specie) values (19, 'Senegal', 'm', 'Alayne', '1978-10-17 23:53:41', '2021-06-24 09:29:51', '2023-12-29 20:23:02', 'Dragon ornate rock');
insert into Esemplare_Animale (codice, paese_provenienza, sesso, nome, data_nascita, data_entrata, data_uscita, specie) values (19, 'China', 'm', 'Gus', '1972-04-06 00:27:53', '2021-06-15 07:29:31', '2022-09-14 03:51:33', 'King cormorant');
insert into Esemplare_Animale (codice, paese_provenienza, sesso, nome, data_nascita, data_entrata, data_uscita, specie) values (19, 'China', 'm', 'Bing', '2020-03-15 16:10:19', '2021-10-17 05:31:19', null, 'American alligator');
insert into Esemplare_Animale (codice, paese_provenienza, sesso, nome, data_nascita, data_entrata, data_uscita, specie) values (19, 'France', 'm', 'Danielle', '1985-05-03 09:07:55', '2021-10-08 01:28:31', null, 'Australian magpie');
insert into Esemplare_Animale (codice, paese_provenienza, sesso, nome, data_nascita, data_entrata, data_uscita, specie) values (19, 'Vietnam', 'f', 'Willy', '2009-04-12 12:29:21', '2021-06-27 05:59:14', '2023-04-06 08:21:30', 'Pale white-eye');
insert into Esemplare_Animale (codice, paese_provenienza, sesso, nome, data_nascita, data_entrata, data_uscita, specie) values (19, 'China', 'm', 'Kermy', '2002-03-25 20:00:08', '2021-06-18 19:57:19', null, 'Brazilian tapir');
insert into Esemplare_Animale (codice, paese_provenienza, sesso, nome, data_nascita, data_entrata, data_uscita, specie) values (19, 'Poland', 'f', 'Avigdor', '1995-07-01 06:33:10', '2021-09-18 11:14:48', '2022-05-26 15:59:57', 'Kelp gull');
insert into Esemplare_Animale (codice, paese_provenienza, sesso, nome, data_nascita, data_entrata, data_uscita, specie) values (19, 'Portugal', 'm', 'Cornela', '1976-09-20 08:15:17', '2021-09-23 01:20:02', '2022-09-18 19:52:08', 'African buffalo');
insert into Esemplare_Animale (codice, paese_provenienza, sesso, nome, data_nascita, data_entrata, data_uscita, specie) values (19, 'Poland', 'f', 'Heidi', '2018-02-08 15:19:25', '2021-09-15 01:14:49', null, 'Badger american');
insert into Esemplare_Animale (codice, paese_provenienza, sesso, nome, data_nascita, data_entrata, data_uscita, specie) values (19, 'Norway', 'f', 'Loydie', '1998-04-30 20:00:14', '2021-12-18 15:30:26', '2022-01-12 20:30:16', 'Flicker campo');
insert into Esemplare_Animale (codice, paese_provenienza, sesso, nome, data_nascita, data_entrata, data_uscita, specie) values (19, 'China', 'm', 'Glyn', '1997-08-13 09:57:31', '2021-06-26 11:43:36', '2022-09-20 20:17:18', 'Snake unidentified');
insert into Esemplare_Animale (codice, paese_provenienza, sesso, nome, data_nascita, data_entrata, data_uscita, specie) values (19, 'United States', 'f', 'Isabella', '1998-01-08 22:04:54', '2021-01-17 12:46:48', null, 'Goldeneye common');
insert into Esemplare_Animale (codice, paese_provenienza, sesso, nome, data_nascita, data_entrata, data_uscita, specie) values (19, 'Portugal', 'f', 'Cortney', '1974-02-07 12:51:23', '2021-04-15 19:22:03', '2023-08-24 19:37:48', 'Snowy owl');
insert into Esemplare_Animale (codice, paese_provenienza, sesso, nome, data_nascita, data_entrata, data_uscita, specie) values (19, 'Ukraine', 'm', 'Ruby', '2019-04-28 14:03:59', '2021-11-30 01:08:10', '2023-07-12 03:06:56', 'Screamer southern');
insert into Esemplare_Animale (codice, paese_provenienza, sesso, nome, data_nascita, data_entrata, data_uscita, specie) values (19, 'United States', 'f', 'Tull', '2016-05-06 12:28:00', '2021-02-23 19:23:31', '2022-04-06 14:02:35', 'Constrictor eastern boa');
insert into Esemplare_Animale (codice, paese_provenienza, sesso, nome, data_nascita, data_entrata, data_uscita, specie) values (19, 'United States', 'f', 'Brien', '1995-12-13 23:26:14', '2021-01-19 06:44:09', null, 'Roadrunner greater');
insert into Esemplare_Animale (codice, paese_provenienza, sesso, nome, data_nascita, data_entrata, data_uscita, specie) values (19, 'Egypt', 'm', 'Dean', '2015-10-30 19:18:37', '2021-07-06 06:17:32', '2022-04-25 02:05:58', 'Andean goose');
insert into Esemplare_Animale (codice, paese_provenienza, sesso, nome, data_nascita, data_entrata, data_uscita, specie) values (19, 'Micronesia', 'f', 'Madelene', '1997-09-22 04:07:14', '2021-07-06 05:57:22', '2022-05-05 16:15:17', 'Radiated tortoise');
insert into Esemplare_Animale (codice, paese_provenienza, sesso, nome, data_nascita, data_entrata, data_uscita, specie) values (19, 'Argentina', 'f', 'Addy', '1979-02-24 05:28:39', '2021-11-25 03:52:06', '2023-01-06 00:00:00', 'Two-toed sloth');
insert into Esemplare_Animale (codice, paese_provenienza, sesso, nome, data_nascita, data_entrata, data_uscita, specie) values (19, 'Colombia', 'm', 'Jobey', '2004-12-22 09:54:30', '2021-02-13 16:02:30', '2023-06-03 18:44:35', 'Python carpet');
insert into Esemplare_Animale (codice, paese_provenienza, sesso, nome, data_nascita, data_entrata, data_uscita, specie) values (19, 'China', 'f', 'Krispin', '1995-04-20 14:06:48', '2021-11-17 21:56:23', '2023-08-13 04:05:08', 'Cat long-tailed spotted');
insert into Esemplare_Animale (codice, paese_provenienza, sesso, nome, data_nascita, data_entrata, data_uscita, specie) values (19, 'Indonesia', 'f', 'Jae', '2020-11-02 16:41:43', '2021-08-23 23:16:52', '2023-07-26 22:22:31', 'Rattlesnake horned');
insert into Esemplare_Animale (codice, paese_provenienza, sesso, nome, data_nascita, data_entrata, data_uscita, specie) values (19, 'France', 'm', 'Lidia', '2011-12-08 04:46:25', '2021-04-26 09:22:29', null, 'Mockingbird galapagos');
insert into Esemplare_Animale (codice, paese_provenienza, sesso, nome, data_nascita, data_entrata, data_uscita, specie) values (19, 'Japan', 'm', 'Darby', '1978-01-05 04:38:48', '2021-05-07 15:08:43', null, 'Buttermilk snake');
insert into Esemplare_Animale (codice, paese_provenienza, sesso, nome, data_nascita, data_entrata, data_uscita, specie) values (19, 'Latvia', 'm', 'Othella', '1975-01-03 02:14:27', '2021-12-09 01:04:04', '2022-02-13 02:19:11', 'Red-cheeked cordon bleu');
insert into Esemplare_Animale (codice, paese_provenienza, sesso, nome, data_nascita, data_entrata, data_uscita, specie) values (19, 'Philippines', 'f', 'Bayard', '1985-08-09 16:01:06', '2021-04-06 05:21:09', '2022-11-21 03:49:13', 'Bird pied butcher');
insert into Esemplare_Animale (codice, paese_provenienza, sesso, nome, data_nascita, data_entrata, data_uscita, specie) values (19, 'Canada', 'f', 'Koral', '2006-06-10 03:35:12', '2021-02-26 22:28:15', '2023-01-06 00:00:00', 'Anteater giant');
insert into Esemplare_Animale (codice, paese_provenienza, sesso, nome, data_nascita, data_entrata, data_uscita, specie) values (19, 'Zimbabwe', 'm', 'Gilli', '2020-03-31 15:57:59', '2021-10-08 16:11:20', null, 'Goose greylag');
insert into Esemplare_Animale (codice, paese_provenienza, sesso, nome, data_nascita, data_entrata, data_uscita, specie) values (19, 'Poland', 'm', 'Berri', '2018-08-24 01:22:53', '2021-07-14 04:11:05', '2023-09-02 17:29:31', 'Kangaroo western grey');
insert into Esemplare_Animale (codice, paese_provenienza, sesso, nome, data_nascita, data_entrata, data_uscita, specie) values (19, 'Afghanistan', 'f', 'Laurie', '1978-02-09 21:54:07', '2021-10-05 02:31:25', null, 'Racer snake');
insert into Esemplare_Animale (codice, paese_provenienza, sesso, nome, data_nascita, data_entrata, data_uscita, specie) values (19, 'Sweden', 'f', 'Amelita', '1988-12-17 18:59:31', '2021-07-15 08:54:25', '2023-06-08 02:38:38', 'Worm snake unidentified');
insert into Esemplare_Animale (codice, paese_provenienza, sesso, nome, data_nascita, data_entrata, data_uscita, specie) values (19, 'Vietnam', 'm', 'Rocky', '1982-11-28 23:39:04', '2021-01-08 20:23:54', '2023-10-31 08:43:24', 'Glider feathertail');
insert into Esemplare_Animale (codice, paese_provenienza, sesso, nome, data_nascita, data_entrata, data_uscita, specie) values (19, 'Mexico', 'm', 'Hillel', '2018-12-24 08:22:06', '2021-01-03 08:40:25', null, 'Wapiti elk');
insert into Esemplare_Animale (codice, paese_provenienza, sesso, nome, data_nascita, data_entrata, data_uscita, specie) values (19, 'China', 'm', 'Sibby', '2011-08-05 06:39:55', '2021-03-19 16:07:46', null, 'Mynah indian');
insert into Esemplare_Animale (codice, paese_provenienza, sesso, nome, data_nascita, data_entrata, data_uscita, specie) values (19, 'Norway', 'f', 'Janeta', '2018-08-04 02:47:42', '2021-09-28 10:14:04', '2022-06-06 08:00:38', 'Pine siskin');
insert into Esemplare_Animale (codice, paese_provenienza, sesso, nome, data_nascita, data_entrata, data_uscita, specie) values (19, 'Indonesia', 'f', 'Lewiss', '1977-04-23 16:18:45', '2021-01-27 20:31:48', '2022-09-25 16:48:38', 'African lynx');
insert into Esemplare_Animale (codice, paese_provenienza, sesso, nome, data_nascita, data_entrata, data_uscita, specie) values (19, 'China', 'f', 'Christiane', '1979-04-15 21:35:37', '2021-08-27 08:25:32', '2023-10-27 08:47:45', 'Tenrec tailless');
insert into Esemplare_Animale (codice, paese_provenienza, sesso, nome, data_nascita, data_entrata, data_uscita, specie) values (20, 'China', 'm', 'Tanney', '1977-02-24 11:59:19', '2021-12-09 06:07:33', '2023-10-23 17:11:11', 'White-fronted capuchin');
insert into Esemplare_Animale (codice, paese_provenienza, sesso, nome, data_nascita, data_entrata, data_uscita, specie) values (20, 'China', 'm', 'Titos', '1980-12-16 00:57:11', '2021-12-24 06:14:21', '2022-06-01 14:14:50', 'Southern black-backed gull');
insert into Esemplare_Animale (codice, paese_provenienza, sesso, nome, data_nascita, data_entrata, data_uscita, specie) values (20, 'Jordan', 'm', 'Henrik', '2000-11-17 05:45:39', '2021-10-22 21:38:21', '2022-05-26 14:51:45', 'Pygmy possum');
insert into Esemplare_Animale (codice, paese_provenienza, sesso, nome, data_nascita, data_entrata, data_uscita, specie) values (20, 'Central African Republic', 'f', 'Linda', '1978-07-21 08:40:27', '2021-02-26 10:52:38', '2023-10-23 21:31:46', 'Mynah common');
insert into Esemplare_Animale (codice, paese_provenienza, sesso, nome, data_nascita, data_entrata, data_uscita, specie) values (20, 'United States', 'f', 'Vivianne', '1993-05-15 03:52:59', '2021-03-03 12:29:36', '2022-08-19 22:37:18', 'Rattlesnake eastern diamondback');
insert into Esemplare_Animale (codice, paese_provenienza, sesso, nome, data_nascita, data_entrata, data_uscita, specie) values (20, 'Indonesia', 'f', 'Freddi', '2001-12-02 18:03:35', '2021-08-21 11:06:02', '2023-07-21 00:24:55', 'Onager');
insert into Esemplare_Animale (codice, paese_provenienza, sesso, nome, data_nascita, data_entrata, data_uscita, specie) values (20, 'Slovenia', 'm', 'Benedicto', '1981-05-07 04:42:24', '2021-06-15 00:18:58', '2023-04-02 06:45:10', 'Arboral spiny rat');
insert into Esemplare_Animale (codice, paese_provenienza, sesso, nome, data_nascita, data_entrata, data_uscita, specie) values (20, 'Mexico', 'f', 'Corene', '1992-06-29 08:30:37', '2021-12-27 04:31:06', '2022-05-06 14:12:19', 'Owl madagascar hawk');
insert into Esemplare_Animale (codice, paese_provenienza, sesso, nome, data_nascita, data_entrata, data_uscita, specie) values (20, 'Philippines', 'f', 'Gearalt', '1981-12-19 07:17:29', '2021-09-16 07:46:08', '2022-11-08 02:29:44', 'Great egret');
insert into Esemplare_Animale (codice, paese_provenienza, sesso, nome, data_nascita, data_entrata, data_uscita, specie) values (20, 'China', 'f', 'Inigo', '1994-05-23 03:29:26', '2021-02-17 01:36:13', '2022-04-10 10:12:04', 'Western bearded dragon');
insert into Esemplare_Animale (codice, paese_provenienza, sesso, nome, data_nascita, data_entrata, data_uscita, specie) values (20, 'Sweden', 'm', 'Gracia', '1993-11-01 06:56:20', '2021-03-26 22:43:56', '2023-11-09 03:08:40', 'Greater sage grouse');
insert into Esemplare_Animale (codice, paese_provenienza, sesso, nome, data_nascita, data_entrata, data_uscita, specie) values (20, 'China', 'f', 'Oran', '1985-02-17 04:32:57', '2021-05-16 11:03:44', '2023-04-09 11:04:18', 'Coot red-knobbed');
insert into Esemplare_Animale (codice, paese_provenienza, sesso, nome, data_nascita, data_entrata, data_uscita, specie) values (20, 'Tunisia', 'f', 'Hedwiga', '1989-12-18 12:10:53', '2021-05-05 03:00:41', '2022-08-31 11:55:20', 'Lizard desert spiny');
insert into Esemplare_Animale (codice, paese_provenienza, sesso, nome, data_nascita, data_entrata, data_uscita, specie) values (20, 'Philippines', 'm', 'Ulick', '1976-02-02 15:10:57', '2021-07-07 22:59:32', '2022-08-24 22:23:05', 'Dragon ornate rock');
insert into Esemplare_Animale (codice, paese_provenienza, sesso, nome, data_nascita, data_entrata, data_uscita, specie) values (20, 'Peru', 'm', 'Cass', '1978-09-05 03:45:32', '2021-11-06 16:08:48', null, 'King cormorant');
insert into Esemplare_Animale (codice, paese_provenienza, sesso, nome, data_nascita, data_entrata, data_uscita, specie) values (20, 'China', 'f', 'Sabra', '2010-12-29 18:49:55', '2021-09-11 14:17:59', '2022-03-02 03:14:20', 'American alligator');
insert into Esemplare_Animale (codice, paese_provenienza, sesso, nome, data_nascita, data_entrata, data_uscita, specie) values (20, 'Indonesia', 'm', 'Torrey', '1979-06-04 09:50:10', '2021-02-21 16:59:46', '2023-01-09 06:54:25', 'Australian magpie');
insert into Esemplare_Animale (codice, paese_provenienza, sesso, nome, data_nascita, data_entrata, data_uscita, specie) values (20, 'China', 'm', 'Alix', '2008-08-10 07:14:29', '2021-01-31 06:42:39', '2023-06-19 07:52:01', 'Pale white-eye');
insert into Esemplare_Animale (codice, paese_provenienza, sesso, nome, data_nascita, data_entrata, data_uscita, specie) values (20, 'Mexico', 'f', 'Bradan', '2011-04-20 16:36:12', '2021-08-18 10:40:09', '2023-05-13 15:18:43', 'Brazilian tapir');
insert into Esemplare_Animale (codice, paese_provenienza, sesso, nome, data_nascita, data_entrata, data_uscita, specie) values (20, 'China', 'm', 'Salome', '2009-11-08 10:55:12', '2021-07-11 13:43:15', '2023-08-18 00:31:59', 'Kelp gull');
insert into Esemplare_Animale (codice, paese_provenienza, sesso, nome, data_nascita, data_entrata, data_uscita, specie) values (20, 'China', 'm', 'Peggy', '1980-04-26 07:03:43', '2021-09-01 16:45:01', '2022-08-24 16:58:38', 'African buffalo');
insert into Esemplare_Animale (codice, paese_provenienza, sesso, nome, data_nascita, data_entrata, data_uscita, specie) values (20, 'Indonesia', 'm', 'Hernando', '1995-03-03 02:10:13', '2021-03-18 16:38:19', null, 'Badger american');
insert into Esemplare_Animale (codice, paese_provenienza, sesso, nome, data_nascita, data_entrata, data_uscita, specie) values (20, 'Iran', 'f', 'Saraann', '1997-06-08 14:12:07', '2021-08-10 06:35:23', '2023-02-05 19:07:32', 'Flicker campo');
insert into Esemplare_Animale (codice, paese_provenienza, sesso, nome, data_nascita, data_entrata, data_uscita, specie) values (20, 'Netherlands', 'f', 'Pattin', '2011-02-02 23:48:25', '2021-05-27 08:11:31', '2023-12-12 02:12:39', 'Snake unidentified');
insert into Esemplare_Animale (codice, paese_provenienza, sesso, nome, data_nascita, data_entrata, data_uscita, specie) values (20, 'Colombia', 'f', 'Reube', '1979-09-02 06:11:11', '2021-08-13 10:44:50', null, 'Goldeneye common');
insert into Esemplare_Animale (codice, paese_provenienza, sesso, nome, data_nascita, data_entrata, data_uscita, specie) values (20, 'Indonesia', 'f', 'Elvis', '1982-11-10 23:35:22', '2021-08-20 20:33:59', '2023-11-14 22:29:40', 'Snowy owl');
insert into Esemplare_Animale (codice, paese_provenienza, sesso, nome, data_nascita, data_entrata, data_uscita, specie) values (20, 'China', 'm', 'Merrili', '1999-11-30 18:35:25', '2021-01-18 19:24:36', '2023-03-03 02:57:08', 'Screamer southern');
insert into Esemplare_Animale (codice, paese_provenienza, sesso, nome, data_nascita, data_entrata, data_uscita, specie) values (20, 'Indonesia', 'f', 'Andras', '1984-10-30 22:29:36', '2021-07-11 14:12:13', '2022-12-01 03:30:53', 'Constrictor eastern boa');
insert into Esemplare_Animale (codice, paese_provenienza, sesso, nome, data_nascita, data_entrata, data_uscita, specie) values (20, 'Malta', 'm', 'Geoff', '1997-10-05 13:58:59', '2021-04-13 12:40:33', '2023-11-25 22:15:16', 'Roadrunner greater');
insert into Esemplare_Animale (codice, paese_provenienza, sesso, nome, data_nascita, data_entrata, data_uscita, specie) values (20, 'France', 'f', 'Euphemia', '2008-10-14 16:57:02', '2021-03-06 23:20:25', '2023-06-23 06:44:17', 'Andean goose');
insert into Esemplare_Animale (codice, paese_provenienza, sesso, nome, data_nascita, data_entrata, data_uscita, specie) values (20, 'Sweden', 'f', 'Rainer', '1972-03-21 00:23:32', '2021-04-01 01:20:30', '2023-05-11 19:45:57', 'Radiated tortoise');

--------------------------------------------------
-- AREA
--------------------------------------------------
insert into Area (nome) values ('Purple');
insert into Area (nome) values ('Yellow');
insert into Area (nome) values ('Blue');
insert into Area (nome) values ('Green');
insert into Area (nome) values ('Red');
insert into Area (nome) values ('Orange');

--------------------------------------------------
-- CASA
--------------------------------------------------
insert into Casa (numero, area) values (1, 'Purple');
insert into Casa (numero, area) values (2, 'Purple');
insert into Casa (numero, area) values (3, 'Purple');
insert into Casa (numero, area) values (4, 'Purple');
insert into Casa (numero, area) values (5, 'Purple');
insert into Casa (numero, area) values (6, 'Purple');
insert into Casa (numero, area) values (7, 'Purple');
insert into Casa (numero, area) values (1, 'Yellow');
insert into Casa (numero, area) values (2, 'Yellow');
insert into Casa (numero, area) values (3, 'Yellow');
insert into Casa (numero, area) values (4, 'Yellow');
insert into Casa (numero, area) values (5, 'Yellow');
insert into Casa (numero, area) values (6, 'Yellow');
insert into Casa (numero, area) values (7, 'Yellow');
insert into Casa (numero, area) values (1, 'Blue');
insert into Casa (numero, area) values (2, 'Blue');
insert into Casa (numero, area) values (3, 'Blue');
insert into Casa (numero, area) values (4, 'Blue');
insert into Casa (numero, area) values (5, 'Blue');
insert into Casa (numero, area) values (6, 'Blue');
insert into Casa (numero, area) values (1, 'Green');
insert into Casa (numero, area) values (2, 'Green');
insert into Casa (numero, area) values (3, 'Green');
insert into Casa (numero, area) values (4, 'Green');
insert into Casa (numero, area) values (5, 'Green');
insert into Casa (numero, area) values (6, 'Green');
insert into Casa (numero, area) values (7, 'Green');
insert into Casa (numero, area) values (1, 'Red');
insert into Casa (numero, area) values (2, 'Red');
insert into Casa (numero, area) values (3, 'Red');
insert into Casa (numero, area) values (4, 'Red');
insert into Casa (numero, area) values (5, 'Red');
insert into Casa (numero, area) values (6, 'Red');
insert into Casa (numero, area) values (7, 'Red');
insert into Casa (numero, area) values (1, 'Orange');
insert into Casa (numero, area) values (2, 'Orange');
insert into Casa (numero, area) values (3, 'Orange');
insert into Casa (numero, area) values (4, 'Orange');
insert into Casa (numero, area) values (5, 'Orange');
insert into Casa (numero, area) values (6, 'Orange');

--------------------------------------------------
-- GABBIA
--------------------------------------------------
insert into Gabbia (lettera, casa, area, animale, specie) values ('a', 1, 'Purple', 2, 'African buffalo');
insert into Gabbia (lettera, casa, area, animale, specie) values ('b', 1, 'Purple', 3, 'African buffalo');
insert into Gabbia (lettera, casa, area, animale, specie) values ('c', 1, 'Purple', 10, 'African buffalo');
insert into Gabbia (lettera, casa, area, animale, specie) values ('d', 1, 'Purple', 12, 'African buffalo');
insert into Gabbia (lettera, casa, area, animale, specie) values ('e', 1, 'Purple', 13, 'African buffalo');
insert into Gabbia (lettera, casa, area, animale, specie) values ('f', 1, 'Purple', 15, 'African buffalo');
insert into Gabbia (lettera, casa, area, animale, specie) values ('a', 2, 'Purple', 1, 'African lynx');
insert into Gabbia (lettera, casa, area, animale, specie) values ('b', 2, 'Purple', 3, 'African lynx');
insert into Gabbia (lettera, casa, area, animale, specie) values ('c', 2, 'Purple', 6, 'African lynx');
insert into Gabbia (lettera, casa, area, animale, specie) values ('d', 2, 'Purple', 11, 'African lynx');
insert into Gabbia (lettera, casa, area, animale, specie) values ('e', 2, 'Purple', 18, 'African lynx');
insert into Gabbia (lettera, casa, area, animale, specie) values ('a', 3, 'Purple', 7, 'American alligator');
insert into Gabbia (lettera, casa, area, animale, specie) values ('b', 3, 'Purple', 8, 'American alligator');
insert into Gabbia (lettera, casa, area, animale, specie) values ('c', 3, 'Purple', 14, 'American alligator');
insert into Gabbia (lettera, casa, area, animale, specie) values ('d', 3, 'Purple', 15, 'American alligator');
insert into Gabbia (lettera, casa, area, animale, specie) values ('e', 3, 'Purple', 19, 'American alligator');
insert into Gabbia (lettera, casa, area, animale, specie) values ('a', 4, 'Purple', 2, 'Arboral spiny rat');
insert into Gabbia (lettera, casa, area, animale, specie) values ('b', 4, 'Purple', 8, 'Arboral spiny rat');
insert into Gabbia (lettera, casa, area, animale, specie) values ('c', 4, 'Purple', 11, 'Arboral spiny rat');
insert into Gabbia (lettera, casa, area, animale, specie) values ('d', 4, 'Purple', 16, 'Arboral spiny rat');
insert into Gabbia (lettera, casa, area, animale, specie) values ('e', 4, 'Purple', 18, 'Arboral spiny rat');
insert into Gabbia (lettera, casa, area, animale, specie) values ('a', 5, 'Purple', 2, 'Australian magpie');
insert into Gabbia (lettera, casa, area, animale, specie) values ('b', 5, 'Purple', 3, 'Australian magpie');
insert into Gabbia (lettera, casa, area, animale, specie) values ('c', 5, 'Purple', 17, 'Australian magpie');
insert into Gabbia (lettera, casa, area, animale, specie) values ('d', 5, 'Purple', 19, 'Australian magpie');
insert into Gabbia (lettera, casa, area, animale, specie) values ('a', 6, 'Purple', 3, 'Badger american');
insert into Gabbia (lettera, casa, area, animale, specie) values ('b', 6, 'Purple', 11, 'Badger american');
insert into Gabbia (lettera, casa, area, animale, specie) values ('c', 6, 'Purple', 19, 'Badger american');
insert into Gabbia (lettera, casa, area, animale, specie) values ('d', 6, 'Purple', 20, 'Badger american');
insert into Gabbia (lettera, casa, area, animale, specie) values ('a', 7, 'Purple', 9, 'Bird pied butcher');
insert into Gabbia (lettera, casa, area, animale, specie) values ('b', 7, 'Purple', 10, 'Bird pied butcher');
insert into Gabbia (lettera, casa, area, animale, specie) values ('c', 7, 'Purple', 14, 'Bird pied butcher');
insert into Gabbia (lettera, casa, area, animale, specie) values ('d', 7, 'Purple', 15, 'Bird pied butcher');
insert into Gabbia (lettera, casa, area, animale, specie) values ('e', 7, 'Purple', 18, 'Bird pied butcher');
insert into Gabbia (lettera, casa, area, animale, specie) values ('a', 1, 'Yellow', 9, 'Brazilian tapir');
insert into Gabbia (lettera, casa, area, animale, specie) values ('b', 1, 'Yellow', 13, 'Brazilian tapir');
insert into Gabbia (lettera, casa, area, animale, specie) values ('c', 1, 'Yellow', 19, 'Brazilian tapir');
insert into Gabbia (lettera, casa, area, animale, specie) values ('d', 1, 'Yellow', null, null);
insert into Gabbia (lettera, casa, area, animale, specie) values ('e', 1, 'Yellow', null, null);
insert into Gabbia (lettera, casa, area, animale, specie) values ('a', 2, 'Yellow', 2, 'Buttermilk snake');
insert into Gabbia (lettera, casa, area, animale, specie) values ('b', 2, 'Yellow', 14, 'Buttermilk snake');
insert into Gabbia (lettera, casa, area, animale, specie) values ('c', 2, 'Yellow', 19, 'Buttermilk snake');
insert into Gabbia (lettera, casa, area, animale, specie) values ('d', 2, 'Yellow', null, null);
insert into Gabbia (lettera, casa, area, animale, specie) values ('e', 2, 'Yellow', null, null);
insert into Gabbia (lettera, casa, area, animale, specie) values ('a', 3, 'Yellow', 2, 'Constrictor eastern boa');
insert into Gabbia (lettera, casa, area, animale, specie) values ('b', 3, 'Yellow', 5, 'Constrictor eastern boa');
insert into Gabbia (lettera, casa, area, animale, specie) values ('c', 3, 'Yellow', 14, 'Constrictor eastern boa');
insert into Gabbia (lettera, casa, area, animale, specie) values ('d', 3, 'Yellow', 17, 'Constrictor eastern boa');
insert into Gabbia (lettera, casa, area, animale, specie) values ('e', 3, 'Yellow', null, null);
insert into Gabbia (lettera, casa, area, animale, specie) values ('a', 4, 'Yellow', 5, 'Dragon ornate rock');
insert into Gabbia (lettera, casa, area, animale, specie) values ('b', 4, 'Yellow', 16, 'Dragon ornate rock');
insert into Gabbia (lettera, casa, area, animale, specie) values ('c', 4, 'Yellow', 17, 'Dragon ornate rock');
insert into Gabbia (lettera, casa, area, animale, specie) values ('d', 4, 'Yellow', null, null);
insert into Gabbia (lettera, casa, area, animale, specie) values ('e', 4, 'Yellow', null, null);
insert into Gabbia (lettera, casa, area, animale, specie) values ('a', 5, 'Yellow', null, null);
insert into Gabbia (lettera, casa, area, animale, specie) values ('b', 5, 'Yellow', null, null);
insert into Gabbia (lettera, casa, area, animale, specie) values ('c', 5, 'Yellow', null, null);
insert into Gabbia (lettera, casa, area, animale, specie) values ('d', 5, 'Yellow', null, null);
insert into Gabbia (lettera, casa, area, animale, specie) values ('e', 5, 'Yellow', null, null);
insert into Gabbia (lettera, casa, area, animale, specie) values ('a', 6, 'Yellow', 5, 'Flicker campo');
insert into Gabbia (lettera, casa, area, animale, specie) values ('b', 6, 'Yellow', 9, 'Flicker campo');
insert into Gabbia (lettera, casa, area, animale, specie) values ('c', 6, 'Yellow', 10, 'Flicker campo');
insert into Gabbia (lettera, casa, area, animale, specie) values ('d', 6, 'Yellow', null, null);
insert into Gabbia (lettera, casa, area, animale, specie) values ('e', 6, 'Yellow', null, null);
insert into Gabbia (lettera, casa, area, animale, specie) values ('a', 7, 'Yellow', 9, 'Glider feathertail');
insert into Gabbia (lettera, casa, area, animale, specie) values ('b', 7, 'Yellow', 10, 'Glider feathertail');
insert into Gabbia (lettera, casa, area, animale, specie) values ('c', 7, 'Yellow', 13, 'Glider feathertail');
insert into Gabbia (lettera, casa, area, animale, specie) values ('d', 7, 'Yellow', 14, 'Glider feathertail');
insert into Gabbia (lettera, casa, area, animale, specie) values ('e', 7, 'Yellow', null, null);
insert into Gabbia (lettera, casa, area, animale, specie) values ('a', 1, 'Blue', 5, 'Goldeneye common');
insert into Gabbia (lettera, casa, area, animale, specie) values ('b', 1, 'Blue', 7, 'Goldeneye common');
insert into Gabbia (lettera, casa, area, animale, specie) values ('c', 1, 'Blue', 10, 'Goldeneye common');
insert into Gabbia (lettera, casa, area, animale, specie) values ('d', 1, 'Blue', 19, 'Goldeneye common');
insert into Gabbia (lettera, casa, area, animale, specie) values ('e', 1, 'Blue', 20, 'Goldeneye common');
insert into Gabbia (lettera, casa, area, animale, specie) values ('a', 2, 'Blue', 1, 'Goose greylag');
insert into Gabbia (lettera, casa, area, animale, specie) values ('b', 2, 'Blue', 4, 'Goose greylag');
insert into Gabbia (lettera, casa, area, animale, specie) values ('c', 2, 'Blue', 6, 'Goose greylag');
insert into Gabbia (lettera, casa, area, animale, specie) values ('d', 2, 'Blue', 18, 'Goose greylag');
insert into Gabbia (lettera, casa, area, animale, specie) values ('e', 2, 'Blue', 19, 'Goose greylag');
insert into Gabbia (lettera, casa, area, animale, specie) values ('a', 3, 'Blue', 2, 'Great egret');
insert into Gabbia (lettera, casa, area, animale, specie) values ('b', 3, 'Blue', 3, 'Great egret');
insert into Gabbia (lettera, casa, area, animale, specie) values ('c', 3, 'Blue', 4, 'Great egret');
insert into Gabbia (lettera, casa, area, animale, specie) values ('d', 3, 'Blue', null, null);
insert into Gabbia (lettera, casa, area, animale, specie) values ('e', 3, 'Blue', null, null);
insert into Gabbia (lettera, casa, area, animale, specie) values ('a', 4, 'Blue', 6, 'Greater sage grouse');
insert into Gabbia (lettera, casa, area, animale, specie) values ('b', 4, 'Blue', 11, 'Greater sage grouse');
insert into Gabbia (lettera, casa, area, animale, specie) values ('c', 4, 'Blue', 18, 'Greater sage grouse');
insert into Gabbia (lettera, casa, area, animale, specie) values ('d', 4, 'Blue', null, null);
insert into Gabbia (lettera, casa, area, animale, specie) values ('e', 4, 'Blue', null, null);
insert into Gabbia (lettera, casa, area, animale, specie) values ('a', 5, 'Blue', 7, 'Kangaroo western grey');
insert into Gabbia (lettera, casa, area, animale, specie) values ('b', 5, 'Blue', 9, 'Kangaroo western grey');
insert into Gabbia (lettera, casa, area, animale, specie) values ('c', 5, 'Blue', 13, 'Kangaroo western grey');
insert into Gabbia (lettera, casa, area, animale, specie) values ('d', 5, 'Blue', 15, 'Kangaroo western grey');
insert into Gabbia (lettera, casa, area, animale, specie) values ('e', 5, 'Blue', null, null);
insert into Gabbia (lettera, casa, area, animale, specie) values ('a', 6, 'Blue', 2, 'Kelp gull');
insert into Gabbia (lettera, casa, area, animale, specie) values ('b', 6, 'Blue', 4, 'Kelp gull');
insert into Gabbia (lettera, casa, area, animale, specie) values ('c', 6, 'Blue', 6, 'Kelp gull');
insert into Gabbia (lettera, casa, area, animale, specie) values ('d', 6, 'Blue', 13, 'Kelp gull');
insert into Gabbia (lettera, casa, area, animale, specie) values ('e', 6, 'Blue', null, null);
insert into Gabbia (lettera, casa, area, animale, specie) values ('a', 1, 'Green', 11, 'King cormorant');
insert into Gabbia (lettera, casa, area, animale, specie) values ('b', 1, 'Green', 12, 'King cormorant');
insert into Gabbia (lettera, casa, area, animale, specie) values ('c', 1, 'Green', 13, 'King cormorant');
insert into Gabbia (lettera, casa, area, animale, specie) values ('d', 1, 'Green', 15, 'King cormorant');
insert into Gabbia (lettera, casa, area, animale, specie) values ('e', 1, 'Green', 20, 'King cormorant');
insert into Gabbia (lettera, casa, area, animale, specie) values ('a', 2, 'Green', 11, 'Mockingbird galapagos');
insert into Gabbia (lettera, casa, area, animale, specie) values ('b', 2, 'Green', 13, 'Mockingbird galapagos');
insert into Gabbia (lettera, casa, area, animale, specie) values ('c', 2, 'Green', 14, 'Mockingbird galapagos');
insert into Gabbia (lettera, casa, area, animale, specie) values ('d', 2, 'Green', 19, 'Mockingbird galapagos');
insert into Gabbia (lettera, casa, area, animale, specie) values ('e', 2, 'Green', null, null);
insert into Gabbia (lettera, casa, area, animale, specie) values ('a', 3, 'Green', 8, 'Mynah indian');
insert into Gabbia (lettera, casa, area, animale, specie) values ('b', 3, 'Green', 19, 'Mynah indian');
insert into Gabbia (lettera, casa, area, animale, specie) values ('c', 3, 'Green', null, null);
insert into Gabbia (lettera, casa, area, animale, specie) values ('d', 3, 'Green', null, null);
insert into Gabbia (lettera, casa, area, animale, specie) values ('e', 3, 'Green', null, null);
insert into Gabbia (lettera, casa, area, animale, specie) values ('a', 4, 'Green', 3, 'Onager');
insert into Gabbia (lettera, casa, area, animale, specie) values ('b', 4, 'Green', 5, 'Onager');
insert into Gabbia (lettera, casa, area, animale, specie) values ('c', 4, 'Green', 7, 'Onager');
insert into Gabbia (lettera, casa, area, animale, specie) values ('d', 4, 'Green', 8, 'Onager');
insert into Gabbia (lettera, casa, area, animale, specie) values ('e', 4, 'Green', null, null);
insert into Gabbia (lettera, casa, area, animale, specie) values ('a', 5, 'Green', 6, 'Pale white-eye');
insert into Gabbia (lettera, casa, area, animale, specie) values ('b', 5, 'Green', 13, 'Pale white-eye');
insert into Gabbia (lettera, casa, area, animale, specie) values ('c', 5, 'Green', 14, 'Pale white-eye');
insert into Gabbia (lettera, casa, area, animale, specie) values ('d', 5, 'Green', 18, 'Pale white-eye');
insert into Gabbia (lettera, casa, area, animale, specie) values ('e', 5, 'Green', null, null);
insert into Gabbia (lettera, casa, area, animale, specie) values ('a', 6, 'Green', 1, 'Pine siskin');
insert into Gabbia (lettera, casa, area, animale, specie) values ('b', 6, 'Green', 5, 'Pine siskin');
insert into Gabbia (lettera, casa, area, animale, specie) values ('c', 6, 'Green', 17, 'Pine siskin');
insert into Gabbia (lettera, casa, area, animale, specie) values ('d', 6, 'Green', null, null);
insert into Gabbia (lettera, casa, area, animale, specie) values ('e', 6, 'Green', null, null);
insert into Gabbia (lettera, casa, area, animale, specie) values ('a', 7, 'Green', 5, 'Pygmy possum');
insert into Gabbia (lettera, casa, area, animale, specie) values ('b', 7, 'Green', 12, 'Pygmy possum');
insert into Gabbia (lettera, casa, area, animale, specie) values ('c', 7, 'Green', 14, 'Pygmy possum');
insert into Gabbia (lettera, casa, area, animale, specie) values ('d', 7, 'Green', 15, 'Pygmy possum');
insert into Gabbia (lettera, casa, area, animale, specie) values ('e', 7, 'Green', null, null);
insert into Gabbia (lettera, casa, area, animale, specie) values ('a', 1, 'Red', 1, 'Python carpet');
insert into Gabbia (lettera, casa, area, animale, specie) values ('b', 1, 'Red', 3, 'Python carpet');
insert into Gabbia (lettera, casa, area, animale, specie) values ('c', 1, 'Red', 6, 'Python carpet');
insert into Gabbia (lettera, casa, area, animale, specie) values ('d', 1, 'Red', 8, 'Python carpet');
insert into Gabbia (lettera, casa, area, animale, specie) values ('e', 1, 'Red', null, null);
insert into Gabbia (lettera, casa, area, animale, specie) values ('a', 2, 'Red', 4, 'Racer snake');
insert into Gabbia (lettera, casa, area, animale, specie) values ('b', 2, 'Red', 5, 'Racer snake');
insert into Gabbia (lettera, casa, area, animale, specie) values ('c', 2, 'Red', 10, 'Racer snake');
insert into Gabbia (lettera, casa, area, animale, specie) values ('d', 2, 'Red', 11, 'Racer snake');
insert into Gabbia (lettera, casa, area, animale, specie) values ('e', 2, 'Red', 15, 'Racer snake');
insert into Gabbia (lettera, casa, area, animale, specie) values ('f', 2, 'Red', 19, 'Racer snake');
insert into Gabbia (lettera, casa, area, animale, specie) values ('a', 3, 'Red', null, null);
insert into Gabbia (lettera, casa, area, animale, specie) values ('b', 3, 'Red', 12, 'Radiated tortoise');
insert into Gabbia (lettera, casa, area, animale, specie) values ('c', 3, 'Red', 13, 'Radiated tortoise');
insert into Gabbia (lettera, casa, area, animale, specie) values ('d', 3, 'Red', 16, 'Radiated tortoise');
insert into Gabbia (lettera, casa, area, animale, specie) values ('e', 3, 'Red', 17, 'Radiated tortoise');
insert into Gabbia (lettera, casa, area, animale, specie) values ('a', 4, 'Red', 3, 'Rattlesnake eastern diamondback');
insert into Gabbia (lettera, casa, area, animale, specie) values ('b', 4, 'Red', 6, 'Rattlesnake eastern diamondback');
insert into Gabbia (lettera, casa, area, animale, specie) values ('c', 4, 'Red', 14, 'Rattlesnake eastern diamondback');
insert into Gabbia (lettera, casa, area, animale, specie) values ('d', 4, 'Red', 18, 'Rattlesnake eastern diamondback');
insert into Gabbia (lettera, casa, area, animale, specie) values ('e', 4, 'Red', 19, 'Rattlesnake eastern diamondback');
insert into Gabbia (lettera, casa, area, animale, specie) values ('a', 5, 'Red', 1, 'Roadrunner greater');
insert into Gabbia (lettera, casa, area, animale, specie) values ('b', 5, 'Red', 6, 'Roadrunner greater');
insert into Gabbia (lettera, casa, area, animale, specie) values ('c', 5, 'Red', 14, 'Roadrunner greater');
insert into Gabbia (lettera, casa, area, animale, specie) values ('d', 5, 'Red', 19, 'Roadrunner greater');
insert into Gabbia (lettera, casa, area, animale, specie) values ('a', 6, 'Red', 2, 'Screamer southern');
insert into Gabbia (lettera, casa, area, animale, specie) values ('b', 6, 'Red', 7, 'Screamer southern');
insert into Gabbia (lettera, casa, area, animale, specie) values ('c', 6, 'Red', 8, 'Screamer southern');
insert into Gabbia (lettera, casa, area, animale, specie) values ('d', 6, 'Red', 12, 'Screamer southern');
insert into Gabbia (lettera, casa, area, animale, specie) values ('e', 6, 'Red', 15, 'Screamer southern');
insert into Gabbia (lettera, casa, area, animale, specie) values ('f', 6, 'Red', 16, 'Screamer southern');
insert into Gabbia (lettera, casa, area, animale, specie) values ('a', 7, 'Red', 5, 'Snake unidentified');
insert into Gabbia (lettera, casa, area, animale, specie) values ('b', 7, 'Red', 14, 'Snake unidentified');
insert into Gabbia (lettera, casa, area, animale, specie) values ('c', 7, 'Red', 15, 'Snake unidentified');
insert into Gabbia (lettera, casa, area, animale, specie) values ('d', 7, 'Red', 16, 'Snake unidentified');
insert into Gabbia (lettera, casa, area, animale, specie) values ('a', 1, 'Orange', 9, 'Snowy owl');
insert into Gabbia (lettera, casa, area, animale, specie) values ('b', 1, 'Orange', 16, 'Snowy owl');
insert into Gabbia (lettera, casa, area, animale, specie) values ('c', 1, 'Orange', null, null);
insert into Gabbia (lettera, casa, area, animale, specie) values ('d', 1, 'Orange', null, null);
insert into Gabbia (lettera, casa, area, animale, specie) values ('e', 1, 'Orange', null, null);
insert into Gabbia (lettera, casa, area, animale, specie) values ('a', 2, 'Orange', 8, 'Southern black-backed gull');
insert into Gabbia (lettera, casa, area, animale, specie) values ('b', 2, 'Orange', 9, 'Southern black-backed gull');
insert into Gabbia (lettera, casa, area, animale, specie) values ('c', 2, 'Orange', null, null);
insert into Gabbia (lettera, casa, area, animale, specie) values ('d', 2, 'Orange', null, null);
insert into Gabbia (lettera, casa, area, animale, specie) values ('e', 2, 'Orange', null, null);
insert into Gabbia (lettera, casa, area, animale, specie) values ('a', 3, 'Orange', 9, 'Tenrec tailless');
insert into Gabbia (lettera, casa, area, animale, specie) values ('b', 3, 'Orange', 13, 'Tenrec tailless');
insert into Gabbia (lettera, casa, area, animale, specie) values ('c', 3, 'Orange', 16, 'Tenrec tailless');
insert into Gabbia (lettera, casa, area, animale, specie) values ('d', 3, 'Orange', null, null);
insert into Gabbia (lettera, casa, area, animale, specie) values ('e', 3, 'Orange', null, null);
insert into Gabbia (lettera, casa, area, animale, specie) values ('a', 4, 'Orange', 4, 'Wapiti elk');
insert into Gabbia (lettera, casa, area, animale, specie) values ('b', 4, 'Orange', 9, 'Wapiti elk');
insert into Gabbia (lettera, casa, area, animale, specie) values ('c', 4, 'Orange', 12, 'Wapiti elk');
insert into Gabbia (lettera, casa, area, animale, specie) values ('d', 4, 'Orange', 19, 'Wapiti elk');
insert into Gabbia (lettera, casa, area, animale, specie) values ('e', 4, 'Orange', null, null);
insert into Gabbia (lettera, casa, area, animale, specie) values ('a', 5, 'Orange', 2, 'Western bearded dragon');
insert into Gabbia (lettera, casa, area, animale, specie) values ('b', 5, 'Orange', 17, 'Western bearded dragon');
insert into Gabbia (lettera, casa, area, animale, specie) values ('c', 5, 'Orange', null, null);
insert into Gabbia (lettera, casa, area, animale, specie) values ('d', 5, 'Orange', null, null);
insert into Gabbia (lettera, casa, area, animale, specie) values ('a', 6, 'Orange', 5, 'White-fronted capuchin');
insert into Gabbia (lettera, casa, area, animale, specie) values ('b', 6, 'Orange', 7, 'White-fronted capuchin');
insert into Gabbia (lettera, casa, area, animale, specie) values ('c', 6, 'Orange', 10, 'White-fronted capuchin');
insert into Gabbia (lettera, casa, area, animale, specie) values ('d', 6, 'Orange', 14, 'White-fronted capuchin');
insert into Gabbia (lettera, casa, area, animale, specie) values ('e', 6, 'Orange', 16, 'White-fronted capuchin');
insert into Gabbia (lettera, casa, area, animale, specie) values ('f', 6, 'Orange', 19, 'White-fronted capuchin');

--------------------------------------------------
-- PERSONA
--------------------------------------------------
insert into Persona (codice_fiscale, nome, cognome, veterinario, codice_albo) values ('LLTSGX47P44G930D', 'Beverie', 'Ranshaw', 'n', null);
insert into Persona (codice_fiscale, nome, cognome, veterinario, codice_albo) values ('KACZUV72P71T726S', 'Ellis', 'Jiran', 'n', null);
insert into Persona (codice_fiscale, nome, cognome, veterinario, codice_albo) values ('NPSOTH18B53J305M', 'Carol', 'Durant', 'n', null);
insert into Persona (codice_fiscale, nome, cognome, veterinario, codice_albo) values ('MOLJQW25F69I447J', 'Benjamen', 'Baty', 'n', null);
insert into Persona (codice_fiscale, nome, cognome, veterinario, codice_albo) values ('YSSHFM65X50V166O', 'Carmina', 'Groarty', 'n', null);
insert into Persona (codice_fiscale, nome, cognome, veterinario, codice_albo) values ('NIJPEG72U00Q399T', 'Vera', 'MacVaugh', 'n', null);
insert into Persona (codice_fiscale, nome, cognome, veterinario, codice_albo) values ('EQIDRV14A31P767M', 'Guntar', 'Wotherspoon', 'n', null);
insert into Persona (codice_fiscale, nome, cognome, veterinario, codice_albo) values ('BERTGA20V52K690G', 'Rivkah', 'Chatterton', 'n', null);
insert into Persona (codice_fiscale, nome, cognome, veterinario, codice_albo) values ('SLRGFS10D03P120Q', 'Dot', 'Battaille', 'n', null);
insert into Persona (codice_fiscale, nome, cognome, veterinario, codice_albo) values ('NRSQFY91P40Y861R', 'Selia', 'Jutson', 'n', null);
insert into Persona (codice_fiscale, nome, cognome, veterinario, codice_albo) values ('NGNEJS20G44O218U', 'Lem', 'Pisculli', 'n', null);
insert into Persona (codice_fiscale, nome, cognome, veterinario, codice_albo) values ('TPZPPF91M37K191E', 'Lil', 'Mougin', 'n', null);
insert into Persona (codice_fiscale, nome, cognome, veterinario, codice_albo) values ('APJUCT83R71G789I', 'Derrick', 'Sandeland', 'n', null);
insert into Persona (codice_fiscale, nome, cognome, veterinario, codice_albo) values ('FAQKQA16W43S271M', 'Ophelia', 'Jellico', 'n', null);
insert into Persona (codice_fiscale, nome, cognome, veterinario, codice_albo) values ('DUUTXH59L58S764F', 'Haley', 'Roseburgh', 'n', null);
insert into Persona (codice_fiscale, nome, cognome, veterinario, codice_albo) values ('NIFLXK68S67A926L', 'Derk', 'McAleese', 'n', null);
insert into Persona (codice_fiscale, nome, cognome, veterinario, codice_albo) values ('XNUWLY87O65G340E', 'Lorene', 'Garrattley', 'n', null);
insert into Persona (codice_fiscale, nome, cognome, veterinario, codice_albo) values ('GXCEYQ91J34W302C', 'Sig', 'Gypson', 'n', null);
insert into Persona (codice_fiscale, nome, cognome, veterinario, codice_albo) values ('AGTUQZ92U34X028B', 'Caldwell', 'Whitear', 'n', null);
insert into Persona (codice_fiscale, nome, cognome, veterinario, codice_albo) values ('ARQMIV13A79R224U', 'Othelia', 'MacAirt', 'n', null);
insert into Persona (codice_fiscale, nome, cognome, veterinario, codice_albo) values ('PTLZUN37T49S915U', 'Fanechka', 'Wilderspoon', 'y', '9873192345');
insert into Persona (codice_fiscale, nome, cognome, veterinario, codice_albo) values ('HODKWJ04P69L937F', 'Auroora', 'Scotney', 'y', '7540172250');
insert into Persona (codice_fiscale, nome, cognome, veterinario, codice_albo) values ('IQCTNU06Z63Q898C', 'Rowney', 'Whelan', 'y', '7288155810');
insert into Persona (codice_fiscale, nome, cognome, veterinario, codice_albo) values ('DMWBFI26H80R696J', 'Lorine', 'Andrys', 'y', '7464613468');
insert into Persona (codice_fiscale, nome, cognome, veterinario, codice_albo) values ('DGNSAO74I34G132X', 'Rodolphe', 'Coryndon', 'y', '6396160996');
insert into Persona (codice_fiscale, nome, cognome, veterinario, codice_albo) values ('VWVRAA05P61R641G', 'Ulric', 'Catterell', 'y', '1564740208');
insert into Persona (codice_fiscale, nome, cognome, veterinario, codice_albo) values ('LXLDKR21X49J408B', 'Marisa', 'Mussotti', 'y', '6209493814');
insert into Persona (codice_fiscale, nome, cognome, veterinario, codice_albo) values ('JWDPWX14W11D641Z', 'Vladamir', 'Mityushkin', 'y', '1003648727');
insert into Persona (codice_fiscale, nome, cognome, veterinario, codice_albo) values ('MJJYOH26B81U169C', 'Wolfy', 'Piwall', 'y', '3391418040');
insert into Persona (codice_fiscale, nome, cognome, veterinario, codice_albo) values ('CBFDND09F91H546K', 'David', 'McFadyen', 'y', '8237499948');
insert into Persona (codice_fiscale, nome, cognome, veterinario, codice_albo) values ('SRCJIT69V69B232C', 'Kahaleel', 'Broadfoot', 'y', '8486769101');
insert into Persona (codice_fiscale, nome, cognome, veterinario, codice_albo) values ('HLZDCY93J51K599T', 'Ford', 'Amberger', 'y', '5737275700');
insert into Persona (codice_fiscale, nome, cognome, veterinario, codice_albo) values ('EURLCQ48T11L828X', 'Damon', 'Backman', 'y', '7663545053');
insert into Persona (codice_fiscale, nome, cognome, veterinario, codice_albo) values ('QKSBYE86N59G823A', 'Nicolle', 'Janoch', 'y', '3633857522');
insert into Persona (codice_fiscale, nome, cognome, veterinario, codice_albo) values ('ICQQFH55P73G575S', 'Xavier', 'McAuslan', 'y', '6073074223');
insert into Persona (codice_fiscale, nome, cognome, veterinario, codice_albo) values ('DGDYWC41W37X227L', 'Neil', 'Dawbery', 'y', '4276070682');
insert into Persona (codice_fiscale, nome, cognome, veterinario, codice_albo) values ('OILQPX59S83T716L', 'Murdock', 'Gritton', 'y', '7874641660');
insert into Persona (codice_fiscale, nome, cognome, veterinario, codice_albo) values ('GGGXXP31J75H693A', 'Lacey', 'Tooley', 'y', '9308555295');
insert into Persona (codice_fiscale, nome, cognome, veterinario, codice_albo) values ('XZARRT13S94C682F', 'Giordano', 'Yarmouth', 'y', '7851747603');
insert into Persona (codice_fiscale, nome, cognome, veterinario, codice_albo) values ('GTBBNJ43V27L642G', 'Kassi', 'Whitnell', 'y', '6665231692');
insert into Persona (codice_fiscale, nome, cognome, veterinario, codice_albo) values ('MCZSYA79M27W095Y', 'Aldis', 'Webb', 'y', '8170991302');
insert into Persona (codice_fiscale, nome, cognome, veterinario, codice_albo) values ('VWGGON61Q76R110T', 'Bree', 'Choffin', 'y', '4704403264');
insert into Persona (codice_fiscale, nome, cognome, veterinario, codice_albo) values ('HIJOOR58D37G603M', 'Alissa', 'O''Corren', 'y', '2765731158');
insert into Persona (codice_fiscale, nome, cognome, veterinario, codice_albo) values ('WZANMN50R81D594P', 'Dorolice', 'Cantillion', 'y', '1434386901');
insert into Persona (codice_fiscale, nome, cognome, veterinario, codice_albo) values ('TAKTMI77H14V676G', 'Jesselyn', 'Stein', 'y', '9662814002');
insert into Persona (codice_fiscale, nome, cognome, veterinario, codice_albo) values ('GTRNQS12W82G871H', 'Modesty', 'Warne', 'y', '2913994473');
insert into Persona (codice_fiscale, nome, cognome, veterinario, codice_albo) values ('SFPKPJ09U63O240C', 'Raine', 'Quiney', 'y', '9257325721');
insert into Persona (codice_fiscale, nome, cognome, veterinario, codice_albo) values ('DBEFQA23Q80X119K', 'Linda', 'Vinten', 'y', '9474797050');
insert into Persona (codice_fiscale, nome, cognome, veterinario, codice_albo) values ('FFNPLL70Q85Q417Y', 'Eadmund', 'Life', 'y', '9632892973');
insert into Persona (codice_fiscale, nome, cognome, veterinario, codice_albo) values ('PNJORE64G35W983Z', 'Elsbeth', 'Powlesland', 'y', '0653343376');
insert into Persona (codice_fiscale, nome, cognome, veterinario, codice_albo) values ('QJESUE82Q82S026B', 'Ludvig', 'McWhorter', 'y', '8258455977');
insert into Persona (codice_fiscale, nome, cognome, veterinario, codice_albo) values ('BJFCGM55W01H356I', 'Madeline', 'Knapman', 'y', '2825094325');
insert into Persona (codice_fiscale, nome, cognome, veterinario, codice_albo) values ('BXKXIK91F37M945W', 'Charlene', 'Iannitti', 'y', '2415758865');
insert into Persona (codice_fiscale, nome, cognome, veterinario, codice_albo) values ('RZXHMF06C91C657B', 'Luelle', 'Hayto', 'y', '3536138285');
insert into Persona (codice_fiscale, nome, cognome, veterinario, codice_albo) values ('CSURHY42I31P326H', 'Baird', 'Cadwaladr', 'y', '6874867852');
insert into Persona (codice_fiscale, nome, cognome, veterinario, codice_albo) values ('GRWXVM07K57A727R', 'Haslett', 'Baggallay', 'y', '7118540105');
insert into Persona (codice_fiscale, nome, cognome, veterinario, codice_albo) values ('TXIJSS76W27X542H', 'Delinda', 'Zecchinii', 'y', '5612129668');
insert into Persona (codice_fiscale, nome, cognome, veterinario, codice_albo) values ('AZVQRE05Q26F968B', 'Fonz', 'Swainson', 'y', '4755342276');
insert into Persona (codice_fiscale, nome, cognome, veterinario, codice_albo) values ('HUWCCJ71H63A894K', 'Codi', 'Zorzetti', 'y', '4819453779');
insert into Persona (codice_fiscale, nome, cognome, veterinario, codice_albo) values ('GQNGLA85E82M951E', 'Shantee', 'Joderli', 'y', '3488254496');
insert into Persona (codice_fiscale, nome, cognome, veterinario, codice_albo) values ('KDIHSK05G77B383M', 'Bernice', 'Ravillas', 'y', '5809762956');
insert into Persona (codice_fiscale, nome, cognome, veterinario, codice_albo) values ('HXOPFS49O09L860N', 'Phillip', 'Bethel', 'y', '0201029262');
insert into Persona (codice_fiscale, nome, cognome, veterinario, codice_albo) values ('SFFKVE90Y79P278X', 'Allegra', 'Pinchback', 'y', '2752208312');
insert into Persona (codice_fiscale, nome, cognome, veterinario, codice_albo) values ('BJKQKC10K57B486P', 'Mab', 'Rutty', 'y', '7098663237');
insert into Persona (codice_fiscale, nome, cognome, veterinario, codice_albo) values ('PIGYLO79S06Z799G', 'Ephrem', 'Beloe', 'y', '8026178795');
insert into Persona (codice_fiscale, nome, cognome, veterinario, codice_albo) values ('DISLRN11Y28S991O', 'Ivory', 'Jehaes', 'y', '6464846841');
insert into Persona (codice_fiscale, nome, cognome, veterinario, codice_albo) values ('UOQAQQ70P22F991L', 'Anita', 'Fullegar', 'y', '9306272407');
insert into Persona (codice_fiscale, nome, cognome, veterinario, codice_albo) values ('QENHBQ79P95H124I', 'Josepha', 'Finden', 'y', '4965278275');
insert into Persona (codice_fiscale, nome, cognome, veterinario, codice_albo) values ('JSMTOX87J13M178N', 'Ailyn', 'Massey', 'y', '0555272500');
insert into Persona (codice_fiscale, nome, cognome, veterinario, codice_albo) values ('OVLOWK98S40H989D', 'Pier', 'Iozefovich', 'y', '6063414080');
insert into Persona (codice_fiscale, nome, cognome, veterinario, codice_albo) values ('BENAZV35V84G728Y', 'Stanfield', 'Kunkel', 'y', '5317732437');
insert into Persona (codice_fiscale, nome, cognome, veterinario, codice_albo) values ('BIBFLF29M44P727K', 'Frederich', 'McAuslene', 'y', '1316109292');
insert into Persona (codice_fiscale, nome, cognome, veterinario, codice_albo) values ('UEESQB52D01C783S', 'Kippy', 'Losano', 'y', '9679021074');
insert into Persona (codice_fiscale, nome, cognome, veterinario, codice_albo) values ('HFTZLR42P54I038D', 'Gib', 'Londesborough', 'y', '4219736612');
insert into Persona (codice_fiscale, nome, cognome, veterinario, codice_albo) values ('OJUKSG65F46U287A', 'Krishna', 'Hubball', 'y', '5907833928');
insert into Persona (codice_fiscale, nome, cognome, veterinario, codice_albo) values ('OPFLBG35E28T343X', 'Sukey', 'Gleaves', 'y', '7328769828');
insert into Persona (codice_fiscale, nome, cognome, veterinario, codice_albo) values ('NPXWCN73L74H814E', 'Ardisj', 'aManger', 'y', '0236438617');
insert into Persona (codice_fiscale, nome, cognome, veterinario, codice_albo) values ('BPIZZN04U03S425U', 'Garik', 'Lampard', 'y', '4976838738');
insert into Persona (codice_fiscale, nome, cognome, veterinario, codice_albo) values ('CFHACW39N88B188Y', 'Colby', 'Bourton', 'y', '1850562204');
insert into Persona (codice_fiscale, nome, cognome, veterinario, codice_albo) values ('IMIZZV64U93B294I', 'Alphonse', 'Ralestone', 'y', '4977301392');
insert into Persona (codice_fiscale, nome, cognome, veterinario, codice_albo) values ('DKKRNI12W38H575K', 'Tracy', 'Hansemann', 'y', '1424786767');
insert into Persona (codice_fiscale, nome, cognome, veterinario, codice_albo) values ('TCIEMF28M57K540I', 'Clarette', 'Romaynes', 'y', '5834808279');
insert into Persona (codice_fiscale, nome, cognome, veterinario, codice_albo) values ('HKASFO52W74K212M', 'Donica', 'Sales', 'y', '9484226647');
insert into Persona (codice_fiscale, nome, cognome, veterinario, codice_albo) values ('EXTHNF29D85P050R', 'Gino', 'Gazzard', 'y', '7269635787');
insert into Persona (codice_fiscale, nome, cognome, veterinario, codice_albo) values ('ZFOAKJ36I08K413L', 'Amelina', 'Ivermee', 'y', '2021316194');
insert into Persona (codice_fiscale, nome, cognome, veterinario, codice_albo) values ('MXWYXX83C31B873T', 'Chrissie', 'Forstall', 'y', '4784990767');
insert into Persona (codice_fiscale, nome, cognome, veterinario, codice_albo) values ('UNMMKP78I91B283B', 'Kennedy', 'Smeeton', 'y', '0643819257');
insert into Persona (codice_fiscale, nome, cognome, veterinario, codice_albo) values ('KAXJUP32M42L944Z', 'Zuzana', 'Grafham', 'y', '7286246063');
insert into Persona (codice_fiscale, nome, cognome, veterinario, codice_albo) values ('IKPIXP95B63A322L', 'Cristy', 'Wolfinger', 'y', '9890663300');
insert into Persona (codice_fiscale, nome, cognome, veterinario, codice_albo) values ('ZQNFVZ88N58P737Y', 'Jeno', 'Cabrera', 'y', '2508391874');
insert into Persona (codice_fiscale, nome, cognome, veterinario, codice_albo) values ('HOINOQ93M20S623A', 'Lewie', 'Geggus', 'y', '3530794626');
insert into Persona (codice_fiscale, nome, cognome, veterinario, codice_albo) values ('UBZOGR62T44A438F', 'Hillier', 'Gremain', 'y', '5965517209');
insert into Persona (codice_fiscale, nome, cognome, veterinario, codice_albo) values ('CRPRFQ00X25H955M', 'Thedric', 'Liveley', 'y', '4170112466');
insert into Persona (codice_fiscale, nome, cognome, veterinario, codice_albo) values ('SBFNFR02Y66Y686T', 'Jobina', 'Pietron', 'y', '4457505192');
insert into Persona (codice_fiscale, nome, cognome, veterinario, codice_albo) values ('DOXGCA67I93B435L', 'Micheal', 'Mattielli', 'y', '3059240975');
insert into Persona (codice_fiscale, nome, cognome, veterinario, codice_albo) values ('RLWBSX60B89K307G', 'Addi', 'McSweeney', 'y', '2438455763');
insert into Persona (codice_fiscale, nome, cognome, veterinario, codice_albo) values ('XKDHSE52X77W080Z', 'Mitchael', 'Duckit', 'y', '9229990890');
insert into Persona (codice_fiscale, nome, cognome, veterinario, codice_albo) values ('KUCTKZ61T24Y447T', 'Melissa', 'Malone', 'y', '0216649180');
insert into Persona (codice_fiscale, nome, cognome, veterinario, codice_albo) values ('RMUFCJ21P23Y875K', 'Xavier', 'Field', 'y', '3995453675');
insert into Persona (codice_fiscale, nome, cognome, veterinario, codice_albo) values ('AENIZK33V73S452W', 'Aubrie', 'Camlin', 'y', '4715034554');
insert into Persona (codice_fiscale, nome, cognome, veterinario, codice_albo) values ('YXVNEZ27G41S684L', 'Eryn', 'Wildman', 'y', '6353834832');
insert into Persona (codice_fiscale, nome, cognome, veterinario, codice_albo) values ('DZNPCP87G63Q961Q', 'Geordie', 'Belford', 'y', '2743643321');
insert into Persona (codice_fiscale, nome, cognome, veterinario, codice_albo) values ('VJJKWX04D16K852M', 'Manya', 'Balogun', 'y', '3437533732');
insert into Persona (codice_fiscale, nome, cognome, veterinario, codice_albo) values ('CBQNTJ86T75R285F', 'Effie', 'Bloss', 'y', '3076096611');
insert into Persona (codice_fiscale, nome, cognome, veterinario, codice_albo) values ('ZUSDBT27S18I066Q', 'Burnaby', 'Alfonsetto', 'y', '2192470674');
insert into Persona (codice_fiscale, nome, cognome, veterinario, codice_albo) values ('SDOZRQ24F16Z694M', 'Bette', 'Aggas', 'y', '8016247556');
insert into Persona (codice_fiscale, nome, cognome, veterinario, codice_albo) values ('QAKVXG09Q42R293C', 'Korie', 'Dorman', 'y', '0074833581');
insert into Persona (codice_fiscale, nome, cognome, veterinario, codice_albo) values ('HTIZLM98F82A499K', 'Querida', 'Savary', 'y', '2574535348');
insert into Persona (codice_fiscale, nome, cognome, veterinario, codice_albo) values ('UAYJOG77C56Q827R', 'Sharia', 'De Freitas', 'y', '2308143446');
insert into Persona (codice_fiscale, nome, cognome, veterinario, codice_albo) values ('OQMRLZ73Z10C877E', 'Norine', 'Masi', 'y', '0166065353');
insert into Persona (codice_fiscale, nome, cognome, veterinario, codice_albo) values ('RRSPAR95S04V869K', 'Judd', 'Balazin', 'y', '0011774035');
insert into Persona (codice_fiscale, nome, cognome, veterinario, codice_albo) values ('TDFCSH37D78G480U', 'Suzanna', 'Leglise', 'y', '4788409076');
insert into Persona (codice_fiscale, nome, cognome, veterinario, codice_albo) values ('LSXHKI99G45I261M', 'Kirbie', 'Katt', 'y', '9494458561');
insert into Persona (codice_fiscale, nome, cognome, veterinario, codice_albo) values ('QKPKQX43V87J697X', 'Erica', 'Bolderoe', 'y', '5606062791');
insert into Persona (codice_fiscale, nome, cognome, veterinario, codice_albo) values ('HCMNOI85R50S863N', 'Neysa', 'Galilee', 'y', '2991833080');
insert into Persona (codice_fiscale, nome, cognome, veterinario, codice_albo) values ('KVOXDR94O16L595F', 'Valle', 'Windaybank', 'y', '2981774283');
insert into Persona (codice_fiscale, nome, cognome, veterinario, codice_albo) values ('BASQCC79U17X832X', 'Lanie', 'Duckerin', 'y', '9483488750');
insert into Persona (codice_fiscale, nome, cognome, veterinario, codice_albo) values ('XUDUCK56J87E249D', 'Anica', 'Aldwick', 'y', '0873151198');
insert into Persona (codice_fiscale, nome, cognome, veterinario, codice_albo) values ('ZXSPCC42H10W293Q', 'Shirleen', 'Crayke', 'y', '2996572441');
insert into Persona (codice_fiscale, nome, cognome, veterinario, codice_albo) values ('RELZWK33P23V293V', 'Emmi', 'Sarll', 'y', '7668116595');

--------------------------------------------------
-- INTERVENTO PULIZIA
--------------------------------------------------
insert into Intervento_Pulizia (addetto, giorno_settimanale, area, casa) values ('NIFLXK68S67A926L', 'Monday', 'Purple', 1);
insert into Intervento_Pulizia (addetto, giorno_settimanale, area, casa) values ('NIJPEG72U00Q399T', 'Tuesday', 'Purple', 2);
insert into Intervento_Pulizia (addetto, giorno_settimanale, area, casa) values ('TPZPPF91M37K191E', 'Wednesday', 'Purple', 3);
insert into Intervento_Pulizia (addetto, giorno_settimanale, area, casa) values ('APJUCT83R71G789I', 'Thursday', 'Purple', 4);
insert into Intervento_Pulizia (addetto, giorno_settimanale, area, casa) values ('KACZUV72P71T726S', 'Friday', 'Purple', 5);
insert into Intervento_Pulizia (addetto, giorno_settimanale, area, casa) values ('XNUWLY87O65G340E', 'Saturday', 'Purple', 6);
insert into Intervento_Pulizia (addetto, giorno_settimanale, area, casa) values ('YSSHFM65X50V166O', 'Sunday', 'Purple', 7);
insert into Intervento_Pulizia (addetto, giorno_settimanale, area, casa) values ('XNUWLY87O65G340E', 'Monday', 'Yellow', 1);
insert into Intervento_Pulizia (addetto, giorno_settimanale, area, casa) values ('AGTUQZ92U34X028B', 'Tuesday', 'Yellow', 2);
insert into Intervento_Pulizia (addetto, giorno_settimanale, area, casa) values ('DUUTXH59L58S764F', 'Wednesday', 'Yellow', 3);
insert into Intervento_Pulizia (addetto, giorno_settimanale, area, casa) values ('LLTSGX47P44G930D', 'Thursday', 'Yellow', 4);
insert into Intervento_Pulizia (addetto, giorno_settimanale, area, casa) values ('GXCEYQ91J34W302C', 'Friday', 'Yellow', 5);
insert into Intervento_Pulizia (addetto, giorno_settimanale, area, casa) values ('NIFLXK68S67A926L', 'Saturday', 'Yellow', 6);
insert into Intervento_Pulizia (addetto, giorno_settimanale, area, casa) values ('NPSOTH18B53J305M', 'Sunday', 'Yellow', 7);
insert into Intervento_Pulizia (addetto, giorno_settimanale, area, casa) values ('GXCEYQ91J34W302C', 'Monday', 'Blue', 1);
insert into Intervento_Pulizia (addetto, giorno_settimanale, area, casa) values ('SLRGFS10D03P120Q', 'Tuesday', 'Blue', 2);
insert into Intervento_Pulizia (addetto, giorno_settimanale, area, casa) values ('XNUWLY87O65G340E', 'Wednesday', 'Blue', 3);
insert into Intervento_Pulizia (addetto, giorno_settimanale, area, casa) values ('DUUTXH59L58S764F', 'Thursday', 'Blue', 4);
insert into Intervento_Pulizia (addetto, giorno_settimanale, area, casa) values ('NIJPEG72U00Q399T', 'Friday', 'Blue', 5);
insert into Intervento_Pulizia (addetto, giorno_settimanale, area, casa) values ('TPZPPF91M37K191E', 'Saturday', 'Blue', 6);
insert into Intervento_Pulizia (addetto, giorno_settimanale, area, casa) values ('NGNEJS20G44O218U', 'Monday', 'Green', 1);
insert into Intervento_Pulizia (addetto, giorno_settimanale, area, casa) values ('NPSOTH18B53J305M', 'Tuesday', 'Green', 2);
insert into Intervento_Pulizia (addetto, giorno_settimanale, area, casa) values ('EQIDRV14A31P767M', 'Wednesday', 'Green', 3);
insert into Intervento_Pulizia (addetto, giorno_settimanale, area, casa) values ('SLRGFS10D03P120Q', 'Thursday', 'Green', 4);
insert into Intervento_Pulizia (addetto, giorno_settimanale, area, casa) values ('MOLJQW25F69I447J', 'Friday', 'Green', 5);
insert into Intervento_Pulizia (addetto, giorno_settimanale, area, casa) values ('NRSQFY91P40Y861R', 'Saturday', 'Green', 6);
insert into Intervento_Pulizia (addetto, giorno_settimanale, area, casa) values ('MOLJQW25F69I447J', 'Sunday', 'Green', 7);
insert into Intervento_Pulizia (addetto, giorno_settimanale, area, casa) values ('FAQKQA16W43S271M', 'Monday', 'Red', 1);
insert into Intervento_Pulizia (addetto, giorno_settimanale, area, casa) values ('BERTGA20V52K690G', 'Tuesday', 'Red', 2);
insert into Intervento_Pulizia (addetto, giorno_settimanale, area, casa) values ('NIFLXK68S67A926L', 'Wednesday', 'Red', 3);
insert into Intervento_Pulizia (addetto, giorno_settimanale, area, casa) values ('GXCEYQ91J34W302C', 'Thursday', 'Red', 4);
insert into Intervento_Pulizia (addetto, giorno_settimanale, area, casa) values ('ARQMIV13A79R224U', 'Friday', 'Red', 5);
insert into Intervento_Pulizia (addetto, giorno_settimanale, area, casa) values ('NIJPEG72U00Q399T', 'Saturday', 'Red', 6);
insert into Intervento_Pulizia (addetto, giorno_settimanale, area, casa) values ('TPZPPF91M37K191E', 'Sunday', 'Red', 7);
insert into Intervento_Pulizia (addetto, giorno_settimanale, area, casa) values ('NPSOTH18B53J305M', 'Monday', 'Orange', 1);
insert into Intervento_Pulizia (addetto, giorno_settimanale, area, casa) values ('TPZPPF91M37K191E', 'Tuesday', 'Orange', 2);
insert into Intervento_Pulizia (addetto, giorno_settimanale, area, casa) values ('APJUCT83R71G789I', 'Wednesday', 'Orange', 3);
insert into Intervento_Pulizia (addetto, giorno_settimanale, area, casa) values ('YSSHFM65X50V166O', 'Thursday', 'Orange', 4);
insert into Intervento_Pulizia (addetto, giorno_settimanale, area, casa) values ('APJUCT83R71G789I', 'Friday', 'Orange', 5);
insert into Intervento_Pulizia (addetto, giorno_settimanale, area, casa) values ('EQIDRV14A31P767M', 'Saturday', 'Orange', 6);

--------------------------------------------------
-- VISITA VETERINARIA STORICO
--------------------------------------------------
-- Avviene inserendo in Visita veterinaria Corrente

--------------------------------------------------
-- VISITA VETERINARIA CORRENTE
--------------------------------------------------
-- Generate tramite R
